Kilometres,Zone,Bonus,Make,Insured,Claims,Payment,PP
1,1,1,1,455.13,108,392491,862.3711906
1,1,1,2,69.17,19,46221,668.2232182
1,1,1,3,72.88,13,15694,215.3402854
1,1,1,4,1292.39,124,422201,326.6823482
1,1,1,5,191.01,40,119373,624.9568085
1,1,1,6,477.66,57,170913,357.8130888
1,1,1,7,105.58,23,56940,539.3066869
1,1,1,8,32.55,14,77487,2380.552995
1,1,1,9,9998.46,1704,6805992,680.7040284
1,1,2,1,314.58,45,214011,680.3070761
1,1,2,2,61.82,10,65303,1056.34099
1,1,2,3,47.06,5,20871,443.4976626
1,1,2,4,782.58,48,242894,310.375936
1,1,2,5,115.43,11,23545,203.9764359
1,1,2,6,338.06,23,39598,117.1330533
1,1,2,7,70.44,7,48767,692.3197047
1,1,2,8,15.25,2,6560,430.1639344
1,1,2,9,6416.19,638,2873487,447.8494247
1,1,3,1,309.98,24,134931,435.2893735
1,1,3,2,49.18,6,50908,1035.136234
1,1,3,3,32.02,3,4399,137.3828857
1,1,3,4,497.2,23,112992,227.2566372
1,1,3,5,73.48,6,14788,201.2520414
1,1,3,6,278.01,9,48713,175.2203158
1,1,3,7,66.36,9,52076,784.7498493
1,1,3,8,17.86,3,13161,736.8980963
1,1,3,9,5063.15,408,1707680,337.2762016
1,1,4,1,318.48,29,103866,326.1303693
1,1,4,2,57.21,7,77588,1356.196469
1,1,4,3,35.33,4,11839,335.0976507
1,1,4,4,374.28,20,98140,262.2101101
1,1,4,5,85.18,7,27919,327.7647335
1,1,4,6,199.7,7,103910,520.3304957
1,1,4,7,60.46,4,38065,629.5898114
1,1,4,8,12.74,0,0,0
1,1,4,9,4263.09,300,1267678,297.3613037
1,1,5,1,444.37,25,69203,155.7328352
1,1,5,2,86.65,6,14620,168.7247548
1,1,5,3,53.81,5,40258,748.1509013
1,1,5,4,361.62,22,161455,446.4769648
1,1,5,5,117.91,3,20011,169.7141888
1,1,5,6,232.55,11,57214,246.028811
1,1,5,7,81.27,3,4496,55.32176695
1,1,5,8,18.21,0,0,0
1,1,5,9,4761.37,301,1116208,234.4300065
1,1,6,1,1016.67,61,217617,214.0488064
1,1,6,2,150.56,12,58099,385.8860255
1,1,6,3,126.69,4,12268,96.83479359
1,1,6,4,517.31,16,59634,115.2771066
1,1,6,5,246.62,13,84966,344.5219366
1,1,6,6,482.96,19,137005,283.6777373
1,1,6,7,203.6,12,33767,165.8497053
1,1,6,8,25.88,3,6279,242.6197836
1,1,6,9,9197.99,522,1939894,210.9041214
1,1,7,1,5430.48,214,1048698,193.1133159
1,1,7,2,659.54,24,143915,218.2051127
1,1,7,3,657.34,22,153830,234.0189248
1,1,7,4,2795.72,60,202413,72.40102728
1,1,7,5,1119.12,41,180345,161.1489385
1,1,7,6,2861.69,92,484604,169.3418924
1,1,7,7,1111,37,152801,137.5346535
1,1,7,8,166.61,6,14084,84.53274113
1,1,7,9,48264.64,1875,8977527,186.0062978
1,2,1,1,458.89,98,532092,1159.519711
1,2,1,2,72.78,5,9006,123.7427865
1,2,1,3,33.23,7,45498,1369.184472
1,2,1,4,1544.55,101,337480,218.4972969
1,2,1,5,200.9,43,191982,955.6097561
1,2,1,6,663.98,65,300632,452.7726739
1,2,1,7,124.73,10,23349,187.1963441
1,2,1,8,29.24,4,13581,464.4664843
1,2,1,9,11381,1326,6173598,542.4477638
1,2,2,1,364.78,40,211494,579.7850759
1,2,2,2,51.89,5,10811,208.3445751
1,2,2,3,29.39,4,36204,1231.847567
1,2,2,4,1053.01,33,135007,128.2105583
1,2,2,5,110.1,16,49061,445.6039964
1,2,2,6,470.62,30,64287,136.6006545
1,2,2,7,93.29,8,51080,547.5399293
1,2,2,8,17.88,1,600,33.55704698
1,2,2,9,7607.66,591,2510207,329.957832
1,2,3,1,315.14,17,106975,339.4523069
1,2,3,2,64.53,4,16922,262.2346196
1,2,3,3,27.24,2,8255,303.0469897
1,2,3,4,726.13,29,93656,128.9796593
1,2,3,5,96.49,4,44966,466.0172039
1,2,3,6,365.81,16,43426,118.7118996
1,2,3,7,80.8,5,48691,602.6113861
1,2,3,8,13.3,1,1325,99.62406015
1,2,3,9,5898.98,320,1392652,236.0835263
1,2,4,1,320.47,16,136143,424.8229163
1,2,4,2,69.55,4,34137,490.8267434
1,2,4,3,33.37,1,2702,80.97093197
1,2,4,4,507.57,9,22292,43.91906535
1,2,4,5,72.4,7,20295,280.3176796
1,2,4,6,316.14,9,57404,181.577782
1,2,4,7,72.05,3,8538,118.5010409
1,2,4,8,18.35,0,0,0
1,2,4,9,4957.56,269,1375988,277.5534739
1,2,5,1,473.63,27,136376,287.9378418
1,2,5,2,88.09,8,19038,216.1198774
1,2,5,3,46.27,2,3604,77.89064188
1,2,5,4,467.96,9,10597,22.64509787
1,2,5,5,126.88,10,26433,208.3307062
1,2,5,6,316.15,11,52950,167.4837893
1,2,5,7,101.11,7,21620,213.8265256
1,2,5,8,23.37,1,2680,114.6769362
1,2,5,9,5481.31,282,1079230,196.8927136
1,2,6,1,996.27,61,236220,237.1043994
1,2,6,2,175.14,10,25036,142.9484983
1,2,6,3,111.97,5,22261,198.8121818
1,2,6,4,601.61,16,88961,147.8715447
1,2,6,5,260.69,14,64368,246.9139591
1,2,6,6,593.18,17,65578,110.5532891
1,2,6,7,229.72,7,46244,201.3059377
1,2,6,8,46.66,7,14385,308.294042
1,2,6,9,9830.72,413,1840742,187.2438641
1,2,7,1,6021.43,233,1086534,180.4445124
1,2,7,2,852.8,33,165960,194.6060038
1,2,7,3,751.59,24,100564,133.8016738
1,2,7,4,3293.99,60,201401,61.14195854
1,2,7,5,1289.09,53,272610,211.4747613
1,2,7,6,3665.27,97,524316,143.0497617
1,2,7,7,1369.91,35,159658,116.5463425
1,2,7,8,183.98,5,18603,101.1142515
1,2,7,9,55084.54,1744,8500391,154.3153669
1,3,1,1,453.06,72,329632,727.5680925
1,3,1,2,67.13,9,79565,1185.237599
1,3,1,3,35.22,5,11746,333.5036911
1,3,1,4,1653.17,89,338305,204.6401761
1,3,1,5,206.62,38,124108,600.6582131
1,3,1,6,859.95,64,213078,247.7795221
1,3,1,7,110.08,11,34844,316.5334302
1,3,1,8,25.92,5,25319,976.8132716
1,3,1,9,11436.08,1205,5173923,452.4210219
1,3,2,1,317.1,25,90162,284.333018
1,3,2,2,54.58,8,19327,354.1040674
1,3,2,3,22.59,3,1209,53.51925631
1,3,2,4,1187.43,30,123124,103.6894806
1,3,2,5,129.53,13,99258,766.2935227
1,3,2,6,617.11,40,137828,223.3442984
1,3,2,7,102.5,7,14904,145.404878
1,3,2,8,21.56,1,597,27.69016698
1,3,2,9,8351.79,425,1937445,231.9796116
1,3,3,1,357.43,18,37835,105.8528943
1,3,3,2,62.87,3,5014,79.75186894
1,3,3,3,18,0,0,0
1,3,3,4,849.23,25,61591,72.52569975
1,3,3,5,119.21,6,47495,398.4145625
1,3,3,6,463.6,20,53173,114.6958585
1,3,3,7,104.36,6,11936,114.3733231
1,3,3,8,14.21,1,31442,2212.667136
1,3,3,9,6540.44,304,1284025,196.3208897
1,3,4,1,338.37,19,136281,402.7573366
1,3,4,2,52.49,2,9253,176.2811964
1,3,4,3,27.97,0,0,0
1,3,4,4,571.94,23,142536,249.2149526
1,3,4,5,113.36,6,21433,189.0702188
1,3,4,6,406.33,21,131027,322.4644993
1,3,4,7,85.15,3,4079,47.90369935
1,3,4,8,16.16,1,1012,62.62376238
1,3,4,9,5123.78,217,994540,194.1027913
1,3,5,1,459.4,16,61958,134.8672181
1,3,5,2,73.51,2,5056,68.77975786
1,3,5,3,41.51,4,44278,1066.682727
1,3,5,4,517.24,8,18455,35.67976181
1,3,5,5,136.08,8,28248,207.5837743
1,3,5,6,417.71,11,15568,37.26987623
1,3,5,7,103.07,1,8347,80.98379742
1,3,5,8,26.11,1,1144,43.81463041
1,3,5,9,5849.14,242,1184032,202.4283912
1,3,6,1,1060.28,43,245621,231.6567322
1,3,6,2,124.82,7,12648,101.3299151
1,3,6,3,119.17,2,5855,49.13149283
1,3,6,4,639.97,12,64278,100.4390831
1,3,6,5,307.56,14,90310,293.6337625
1,3,6,6,740.33,24,117763,159.0682533
1,3,6,7,233.83,7,20303,86.82803746
1,3,6,8,53.41,3,6221,116.4763153
1,3,6,9,10263.04,393,2026554,197.461376
1,3,7,1,7155.96,197,980780,137.0577812
1,3,7,2,999.32,32,168854,168.9688989
1,3,7,3,1049.99,19,41459,39.48513795
1,3,7,4,3712.23,67,229231,61.75021483
1,3,7,5,1862.44,74,388511,208.6032302
1,3,7,6,4964,121,622350,125.3726833
1,3,7,7,1785.23,58,253660,142.0881343
1,3,7,8,331.45,8,94395,284.7940866
1,3,7,9,65617.47,1865,9884008,150.630739
1,4,1,1,868.6,115,627513,722.4418605
1,4,1,2,122.54,10,113492,926.1628856
1,4,1,3,55.08,3,33925,615.9222948
1,4,1,4,2751.7,98,578698,210.3056292
1,4,1,5,328.36,36,149698,455.8959678
1,4,1,6,1730.51,105,604161,349.1230909
1,4,1,7,231.91,13,55103,237.6051054
1,4,1,8,48.77,4,34267,702.6245643
1,4,1,9,20153.28,1446,6605073,327.7418366
1,4,2,1,622.23,41,300510,482.956463
1,4,2,2,94.03,5,11936,126.9382112
1,4,2,3,36.73,2,6387,173.8905527
1,4,2,4,2037.95,48,152944,75.04796487
1,4,2,5,189.27,17,40047,211.5866223
1,4,2,6,1217.01,65,344450,283.0297204
1,4,2,7,155.5,16,113524,730.0578778
1,4,2,8,27.27,0,0,0
1,4,2,9,14648.2,645,3150912,215.1057468
1,4,3,1,613.17,32,168882,275.4244337
1,4,3,2,108.4,5,43676,402.9151292
1,4,3,3,37.2,0,0,0
1,4,3,4,1447.58,25,66208,45.73702317
1,4,3,5,168.81,8,30465,180.4691665
1,4,3,6,933.44,40,374818,401.5448234
1,4,3,7,153.11,5,38157,249.2129841
1,4,3,8,32.44,2,8234,253.8224414
1,4,3,9,11314.54,427,2035982,179.9438598
1,4,4,1,573.86,29,214513,373.8072004
1,4,4,2,103.82,4,12077,116.326334
1,4,4,3,49.14,2,12947,263.4717135
1,4,4,4,970.81,20,77705,80.04140872
1,4,4,5,135.49,6,16781,123.854159
1,4,4,6,740.62,25,87155,117.6784316
1,4,4,7,123.63,3,11469,92.76874545
1,4,4,8,36.98,1,2572,69.55110871
1,4,4,9,8785.71,291,1189357,135.3740335
1,4,5,1,783.1,28,97770,124.8499553
1,4,5,2,127.17,7,21026,165.3377369
1,4,5,3,86.26,4,15583,180.6515187
1,4,5,4,886.11,16,71474,80.66041462
1,4,5,5,200.68,14,74804,372.752641
1,4,5,6,825.58,16,76879,93.12119964
1,4,5,7,185.36,3,6085,32.82801036
1,4,5,8,53.05,1,6827,128.6899152
1,4,5,9,9849.89,324,1672294,169.7779366
1,4,6,1,1839.13,72,505590,274.9071572
1,4,6,2,298.73,5,16182,54.16931677
1,4,6,3,234.01,8,42369,181.0563651
1,4,6,4,1047.27,22,147524,140.8652974
1,4,6,5,481.63,16,70430,146.2325852
1,4,6,6,1317.07,34,162323,123.2455374
1,4,6,7,360.55,9,127814,354.4972958
1,4,6,8,90.61,7,80134,884.3836221
1,4,6,9,17332.9,535,2833885,163.4974528
1,4,7,1,15297.44,389,2505764,163.8028324
1,4,7,2,2085.44,65,296375,142.116292
1,4,7,3,2140.94,38,253490,118.401263
1,4,7,4,6923.74,100,435674,62.9246621
1,4,7,5,3721.62,115,641018,172.2416582
1,4,7,6,10409.88,194,1070372,102.822703
1,4,7,7,3252.99,86,317119,97.48539036
1,4,7,8,768.54,23,160411,208.7217321
1,4,7,9,127687.27,2894,15540162,121.7048653
1,5,1,1,161.19,22,112479,697.803834
1,5,1,2,15.53,2,1668,107.4050225
1,5,1,3,6.07,0,0,0
1,5,1,4,454.21,15,61507,135.4153365
1,5,1,5,69.38,13,83497,1203.473624
1,5,1,6,301.14,21,87734,291.3395763
1,5,1,7,47.82,6,51950,1086.365537
1,5,1,8,10.84,0,0,0
1,5,1,9,3645.26,407,1855941,509.1381685
1,5,2,1,132.69,7,27325,205.9311176
1,5,2,2,17.31,1,1554,89.77469671
1,5,2,3,4.2,0,0,0
1,5,2,4,324.26,10,22854,70.48047863
1,5,2,5,51.8,4,40692,785.5598456
1,5,2,6,218.84,12,88266,403.3357704
1,5,2,7,39.68,3,38808,978.0241935
1,5,2,8,12.15,1,1029,84.69135802
1,5,2,9,2694.25,174,616744,228.9111998
1,5,3,1,122.86,8,51943,422.7820283
1,5,3,2,21.15,0,0,0
1,5,3,3,5.15,0,0,0
1,5,3,4,240.23,6,13492,56.16284394
1,5,3,5,38.15,6,16170,423.853211
1,5,3,6,173.78,4,17523,100.8343883
1,5,3,7,30.43,2,6421,211.0088728
1,5,3,8,4.82,1,31442,6523.236515
1,5,3,9,1993.33,117,481752,241.6820095
1,5,4,1,116.24,3,7229,62.19029594
1,5,4,2,16.48,1,1000,60.67961165
1,5,4,3,9.31,1,9867,1059.828142
1,5,4,4,160.66,8,22404,139.4497697
1,5,4,5,27.77,4,8119,292.3658624
1,5,4,6,145.54,8,33299,228.7962072
1,5,4,7,30.23,0,0,0
1,5,4,8,7.77,1,2700,347.4903475
1,5,4,9,1592.59,74,364037,228.5817442
1,5,5,1,185.95,11,53110,285.6144125
1,5,5,2,23.75,2,4900,206.3157895
1,5,5,3,15.57,0,0,0
1,5,5,4,140.66,2,4876,34.66515001
1,5,5,5,41.71,1,7056,169.1680652
1,5,5,6,141.81,2,3200,22.56540441
1,5,5,7,44.08,3,64516,1463.611615
1,5,5,8,9.68,0,0,0
1,5,5,9,1752.09,86,299385,170.8730716
1,5,6,1,394.91,9,25994,65.82259249
1,5,6,2,55.35,3,7232,130.6594399
1,5,6,3,40.03,1,1373,34.29927554
1,5,6,4,177.67,4,6211,34.95806833
1,5,6,5,92.95,7,21706,233.5233997
1,5,6,6,244.32,8,41753,170.8947282
1,5,6,7,92.99,5,6674,71.77115819
1,5,6,8,22.62,2,1522,67.28558798
1,5,6,9,3251.89,165,774028,238.0240414
1,5,7,1,2257.49,80,452280,200.3464024
1,5,7,2,284.44,7,45614,160.3642244
1,5,7,3,300.78,9,55124,183.2701642
1,5,7,4,946.25,19,68243,72.11941876
1,5,7,5,583.99,18,113925,195.0803952
1,5,7,6,1332.39,38,138432,103.8975075
1,5,7,7,541.88,13,93691,172.899904
1,5,7,8,125.14,5,46879,374.6124341
1,5,7,9,17722.19,589,2700050,152.3541955
1,6,1,1,340.1,31,75947,223.3078506
1,6,1,2,38.25,3,5658,147.9215686
1,6,1,3,16.23,0,0,0
1,6,1,4,767.66,30,187167,243.8149702
1,6,1,5,134.82,31,164961,1223.564753
1,6,1,6,585.23,44,309679,529.157767
1,6,1,7,80.16,7,8237,102.756986
1,6,1,8,29.87,4,35088,1174.690325
1,6,1,9,6744.61,542,2708623,401.5981651
1,6,2,1,233.67,20,159609,683.0530235
1,6,2,2,33.6,2,5403,160.8035714
1,6,2,3,14.01,0,0,0
1,6,2,4,563.21,7,12459,22.1214112
1,6,2,5,84.85,10,55348,652.304066
1,6,2,6,436.38,14,72563,166.2839727
1,6,2,7,63.25,3,63976,1011.478261
1,6,2,8,13.61,0,0,0
1,6,2,9,4721.76,227,970016,205.4352614
1,6,3,1,230.77,10,97153,420.99493
1,6,3,2,37.88,1,789,20.82893347
1,6,3,3,14.41,0,0,0
1,6,3,4,386.7,10,57758,149.361262
1,6,3,5,76.88,5,14166,184.2611863
1,6,3,6,294.37,15,106215,360.8214152
1,6,3,7,57.46,3,41564,723.3553777
1,6,3,8,12.76,0,0,0
1,6,3,9,3558.48,131,785697,220.7956768
1,6,4,1,186.52,12,81889,439.0360283
1,6,4,2,31.99,3,2985,93.3104095
1,6,4,3,15.77,0,0,0
1,6,4,4,283.49,6,73962,260.8980916
1,6,4,5,57.53,5,20515,356.5965583
1,6,4,6,219.19,5,14794,67.49395502
1,6,4,7,45.35,4,38560,850.275634
1,6,4,8,24.46,2,3138,128.2910875
1,6,4,9,2708.07,99,517218,190.9913702
1,6,5,1,253.84,20,105565,415.872203
1,6,5,2,47.01,2,5207,110.7636673
1,6,5,3,28.29,0,0,0
1,6,5,4,259.21,1,31442,121.2993326
1,6,5,5,72.82,1,1742,23.92199945
1,6,5,6,252.17,8,74154,294.0635286
1,6,5,7,64.53,3,8546,132.4345266
1,6,5,8,22.19,1,2198,99.05362776
1,6,5,9,2936.87,87,641508,218.4325489
1,6,6,1,560.62,17,107765,192.2246798
1,6,6,2,88.23,0,0,0
1,6,6,3,55.88,3,4731,84.66356478
1,6,6,4,274.15,3,10929,39.86503739
1,6,6,5,186,9,16980,91.29032258
1,6,6,6,424.38,12,62560,147.4150525
1,6,6,7,141.38,4,39806,281.5532607
1,6,6,8,60.89,3,4512,74.10083758
1,6,6,9,5248.1,187,1066083,203.1369448
1,6,7,1,4492.77,136,727249,161.8709616
1,6,7,2,606.55,16,114290,188.4263457
1,6,7,3,561.04,21,128950,229.8410096
1,6,7,4,1799.95,29,191942,106.6374066
1,6,7,5,1203.92,48,118462,98.39690345
1,6,7,6,2874.45,70,422565,147.0072536
1,6,7,7,914.58,27,208821,228.3244768
1,6,7,8,347.4,15,131927,379.7553253
1,6,7,9,34969.21,886,5181284,148.1670304
1,7,1,1,23.96,4,9848,411.0183639
1,7,1,2,4.05,0,0,0
1,7,1,4,92.39,5,4642,50.24353285
1,7,1,5,7.36,0,0,0
1,7,1,6,29.72,0,0,0
1,7,1,7,4.29,1,1504,350.5827506
1,7,1,8,1.04,0,0,0
1,7,1,9,560.17,38,108198,193.1520788
1,7,2,1,20.83,1,2772,133.0772924
1,7,2,2,3.41,0,0,0
1,7,2,3,0.23,0,0,0
1,7,2,4,48.63,1,1980,40.71560765
1,7,2,5,2.1,0,0,0
1,7,2,6,20.84,5,12647,606.8618042
1,7,2,7,2.22,0,0,0
1,7,2,8,0.47,0,0,0
1,7,2,9,413.54,19,45789,110.7244765
1,7,3,1,17.42,0,0,0
1,7,3,2,2.38,0,0,0
1,7,3,3,0.5,0,0,0
1,7,3,4,46.18,1,756,16.37072326
1,7,3,5,3.31,0,0,0
1,7,3,6,13.92,1,2199,157.9741379
1,7,3,7,3.7,0,0,0
1,7,3,8,0.3,0,0,0
1,7,3,9,285.04,7,15229,53.42758911
1,7,4,1,13.24,0,0,0
1,7,4,2,2.31,1,5000,2164.502165
1,7,4,3,0.8,0,0,0
1,7,4,4,27.66,0,0,0
1,7,4,5,4.74,0,0,0
1,7,4,6,11.37,0,0,0
1,7,4,7,2.64,0,0,0
1,7,4,9,225.35,5,9681,42.95984025
1,7,5,1,19.87,0,0,0
1,7,5,2,5.74,1,3900,679.4425087
1,7,5,3,1.69,0,0,0
1,7,5,4,29.05,1,2913,100.2753873
1,7,5,5,3.59,0,0,0
1,7,5,6,14.42,1,3174,220.110957
1,7,5,7,2.42,0,0,0
1,7,5,8,0.9,0,0,0
1,7,5,9,278.75,13,31522,113.0834081
1,7,6,1,41.17,1,3325,80.76269128
1,7,6,2,7.55,2,7963,1054.701987
1,7,6,3,1.56,0,0,0
1,7,6,4,36.23,1,1327,36.62710461
1,7,6,5,9.82,0,0,0
1,7,6,6,21.9,0,0,0
1,7,6,7,6.58,0,0,0
1,7,6,8,0.1,0,0,0
1,7,6,9,456.61,15,103527,226.7295942
1,7,7,1,294.57,3,8171,27.73873782
1,7,7,2,50.12,1,1510,30.12769354
1,7,7,3,26.06,0,0,0
1,7,7,4,216.41,4,65435,302.3658796
1,7,7,5,60.68,0,0,0
1,7,7,6,208.35,5,74182,356.0451164
1,7,7,7,46.47,0,0,0
1,7,7,8,9.5,0,0,0
1,7,7,9,3315.16,77,340189,102.6161633
2,1,1,1,638.51,148,578831,906.5339619
2,1,1,2,94.77,29,137355,1449.35106
2,1,1,3,126.87,29,137680,1085.205328
2,1,1,4,398.58,55,162678,408.1439109
2,1,1,5,167.88,41,73435,437.4255421
2,1,1,6,354.26,48,166416,469.7566759
2,1,1,7,95.57,11,21295,222.8209689
2,1,1,8,25.93,5,2059,79.40609333
2,1,1,9,6792.88,1410,6556534,965.2068048
2,1,2,1,605.01,86,484085,800.1272706
2,1,2,2,96.42,12,93305,967.6934246
2,1,2,3,94.57,12,62554,661.4571217
2,1,2,4,319.2,20,43734,137.0112782
2,1,2,5,152.42,24,109785,720.2794909
2,1,2,6,349.2,27,92572,265.0973654
2,1,2,7,94.39,8,76099,806.2188791
2,1,2,8,16.52,3,39939,2417.615012
2,1,2,9,5941.02,722,3249461,546.9533851
2,1,3,1,599.51,78,450864,752.0541776
2,1,3,2,121.49,17,142141,1169.981068
2,1,3,3,91.96,13,93038,1011.722488
2,1,3,4,234.48,13,65170,277.9341522
2,1,3,5,134.82,19,111059,823.7576027
2,1,3,6,318.69,21,162284,509.2221281
2,1,3,7,88.04,11,30153,342.4920491
2,1,3,8,22.47,5,47551,2116.199377
2,1,3,9,5162.92,484,2522341,488.5493093
2,1,4,1,597.21,55,213704,357.8372767
2,1,4,2,129.44,7,47589,367.6529666
2,1,4,3,94.8,9,47251,498.42827
2,1,4,4,182.93,12,59369,324.5449079
2,1,4,5,111.64,11,20942,187.5850949
2,1,4,6,263.94,9,44772,169.6294612
2,1,4,7,107.37,9,61695,574.6018441
2,1,4,8,23.1,3,40634,1759.047619
2,1,4,9,4712.87,407,1631427,346.1642269
2,1,5,1,779.53,55,232521,298.2835811
2,1,5,2,157.99,13,31952,202.2406481
2,1,5,3,137.19,6,50067,364.9464247
2,1,5,4,156.34,11,18221,116.5472688
2,1,5,5,149.71,15,32164,214.8420279
2,1,5,6,295.12,13,59509,201.6433993
2,1,5,7,132.79,8,55603,418.7288199
2,1,5,8,29.02,2,2802,96.55410062
2,1,5,9,5373.06,363,1597528,297.3218241
2,1,6,1,1557.98,107,435444,279.4926764
2,1,6,2,329.74,29,133272,404.1729848
2,1,6,3,320.71,13,150031,467.8089239
2,1,6,4,210.91,4,15193,72.03546536
2,1,6,5,336.02,30,194477,578.7661449
2,1,6,6,576.63,24,137963,239.2574094
2,1,6,7,269.81,9,87411,323.972425
2,1,6,8,56.96,9,144950,2544.768258
2,1,6,9,9805.53,618,2918359,297.6237898
2,1,7,1,8009.92,390,1992027,248.6949932
2,1,7,2,1407.85,67,332194,235.9583762
2,1,7,3,1538.74,49,397236,258.1566736
2,1,7,4,806,31,209824,260.3275434
2,1,7,5,1380.85,83,398103,288.3028569
2,1,7,6,2848.53,111,493340,173.1910845
2,1,7,7,1496.62,74,282000,188.4245834
2,1,7,8,267.8,14,95457,356.4488424
2,1,7,9,44511.41,2127,10315455,231.7485562
2,2,1,1,679.46,113,582788,857.7223089
2,2,1,2,98.43,22,91135,925.8864167
2,2,1,3,60.48,11,90425,1495.122354
2,2,1,4,434.05,45,153794,354.3232347
2,2,1,5,211.77,34,255298,1205.54375
2,2,1,6,516.01,51,253258,490.8005659
2,2,1,7,118.76,16,69025,581.2142135
2,2,1,8,25.01,5,7797,311.7552979
2,2,1,9,7185.14,1157,5121951,712.8533334
2,2,2,1,638.08,83,350944,550
2,2,2,2,117.12,19,141774,1210.502049
2,2,2,3,52.69,11,58588,1111.937749
2,2,2,4,408.69,22,136288,333.4752502
2,2,2,5,168.09,33,150740,896.7814861
2,2,2,6,523.36,22,100822,192.6436869
2,2,2,7,141.28,15,57916,409.9377123
2,2,2,8,25.84,5,42167,1631.849845
2,2,2,9,6506.72,559,2457197,377.6398861
2,2,3,1,687.29,60,382872,557.0748883
2,2,3,2,111.63,11,55353,495.8613276
2,2,3,3,68.91,5,7480,108.5473806
2,2,3,4,294.06,14,88500,300.958988
2,2,3,5,154.39,20,42607,275.9699462
2,2,3,6,446.83,25,116227,260.114585
2,2,3,7,139.62,9,18627,133.4121186
2,2,3,8,28.91,2,4521,156.3818748
2,2,3,9,5783.55,453,1907609,329.8335797
2,2,4,1,661.35,50,257851,389.8858396
2,2,4,2,139.58,15,29492,211.2910159
2,2,4,3,67.99,3,4835,71.11339903
2,2,4,4,198.46,6,11144,56.15237327
2,2,4,5,151.85,10,18943,124.7481067
2,2,4,6,390.18,15,37755,96.76303245
2,2,4,7,120.11,9,55231,459.8368163
2,2,4,8,33.1,1,1878,56.73716012
2,2,4,9,5316.84,344,1682243,316.3990265
2,2,5,1,848.62,70,265184,312.4885108
2,2,5,2,204.12,19,116076,568.6654909
2,2,5,3,129.16,6,20054,155.2647879
2,2,5,4,149.52,7,40010,267.5896201
2,2,5,5,214.27,14,21497,100.3266906
2,2,5,6,431.35,18,89520,207.5344848
2,2,5,7,176.7,10,25944,146.8251273
2,2,5,8,50.75,3,10388,204.6896552
2,2,5,9,6273.26,344,1437097,229.0829648
2,2,6,1,1741.3,99,502889,288.8008959
2,2,6,2,358.55,22,108381,302.2758332
2,2,6,3,286.92,14,49960,174.1251917
2,2,6,4,192.9,7,11847,61.41524106
2,2,6,5,398.56,21,135284,339.431955
2,2,6,6,710.28,32,75776,106.6846877
2,2,6,7,356.8,12,25779,72.25056054
2,2,6,8,103.3,9,27406,265.3049371
2,2,6,9,11001.9,622,3029300,275.3433498
2,2,7,1,9358.84,359,2466406,263.5375752
2,2,7,2,2021.95,107,520377,257.3639309
2,2,7,3,1795.27,53,328548,183.0075699
2,2,7,4,859.65,23,95241,110.790438
2,2,7,5,1856.01,77,323882,174.5044477
2,2,7,6,3817.88,96,503384,131.849089
2,2,7,7,2125.92,91,463818,218.1728381
2,2,7,8,407.26,10,89166,218.9412169
2,2,7,9,54421.4,2087,9950131,182.8348958
2,3,1,1,703.88,120,547349,777.6169233
2,3,1,2,88.45,10,20304,229.55342
2,3,1,3,39.68,3,5422,136.6431452
2,3,1,4,461.44,33,121470,263.2411581
2,3,1,5,209.99,53,234736,1117.843707
2,3,1,6,633.85,52,241224,380.5695354
2,3,1,7,142,14,68256,480.6760563
2,3,1,8,23.45,2,8396,358.0383795
2,3,1,9,7304.73,1003,4387841,600.6848987
2,3,2,1,700.59,74,286946,409.5776417
2,3,2,2,96.84,7,20675,213.4964891
2,3,2,3,44.37,1,31442,708.6319585
2,3,2,4,422.88,17,14982,35.42849035
2,3,2,5,177.47,27,154791,872.2093875
2,3,2,6,669.34,42,114629,171.2567604
2,3,2,7,151.12,17,36169,239.3395977
2,3,2,8,27.39,1,31442,1147.937203
2,3,2,9,6988.9,556,2634269,376.9218332
2,3,3,1,724.49,49,189534,261.6102362
2,3,3,2,121.33,9,32584,268.5568285
2,3,3,3,55.59,0,0,0
2,3,3,4,275.9,7,40454,146.625589
2,3,3,5,162.92,17,33909,208.1328259
2,3,3,6,576.1,21,55806,96.8685992
2,3,3,7,140.05,13,76834,548.6183506
2,3,3,8,36.78,0,0,0
2,3,3,9,6034.63,404,2107152,349.1766687
2,3,4,1,679.01,38,197187,290.4036759
2,3,4,2,119.96,13,62674,522.4574858
2,3,4,3,69.04,2,2597,37.61587486
2,3,4,4,173.48,11,46956,270.6709707
2,3,4,5,155.48,8,45486,292.5520967
2,3,4,6,468.53,19,75634,161.428297
2,3,4,7,147.89,9,84248,569.6666441
2,3,4,8,41.4,4,35685,861.9565217
2,3,4,9,5496.81,323,1473149,268.0007131
2,3,5,1,946.01,50,199324,210.6996755
2,3,5,2,172.42,12,27067,156.9829486
2,3,5,3,104.52,4,34911,334.0126292
2,3,5,4,188.53,4,33175,175.9666897
2,3,5,5,209.61,9,81779,390.1483708
2,3,5,6,515.69,17,77953,151.1625201
2,3,5,7,189.16,10,21942,115.9970395
2,3,5,8,55.8,6,23456,420.3584229
2,3,5,9,6442.14,324,1506141,233.7951364
2,3,6,1,1702.76,86,491502,288.6501915
2,3,6,2,332.17,10,21654,65.18951139
2,3,6,3,306.21,11,72861,237.9445479
2,3,6,4,193.65,6,11444,59.09630777
2,3,6,5,452.37,30,201310,445.0118266
2,3,6,6,834.26,38,182641,218.9257546
2,3,6,7,367,17,76297,207.893733
2,3,6,8,126.83,8,27834,219.4591185
2,3,6,9,10730.07,492,2038707,189.9994129
2,3,7,1,10469.92,325,1401833,133.891472
2,3,7,2,2071.24,68,353788,170.8097565
2,3,7,3,2180.19,59,324185,148.6957559
2,3,7,4,917.17,19,73569,80.21304665
2,3,7,5,2435.19,86,468488,192.3825246
2,3,7,6,4857.97,121,605098,124.5577885
2,3,7,7,2416.4,83,349608,144.6813441
2,3,7,8,704.42,22,134382,190.7697113
2,3,7,9,60140.2,2044,10518198,174.8946295
2,4,1,1,1493.99,226,1107859,741.5437854
2,4,1,2,131.48,14,103393,786.3781564
2,4,1,3,88.79,8,112948,1272.080189
2,4,1,4,774.1,39,121494,156.9487146
2,4,1,5,372.41,66,369471,992.1081604
2,4,1,6,1295.44,109,492597,380.2545853
2,4,1,7,240.77,23,51380,213.3986792
2,4,1,8,44.59,8,20312,455.5281453
2,4,1,9,13502.14,1442,7243260,536.4527401
2,4,2,1,1402.82,119,614064,437.7354187
2,4,2,2,157.16,13,37643,239.5202342
2,4,2,3,87.93,4,16203,184.2715797
2,4,2,4,727.28,35,212362,291.9948301
2,4,2,5,317.39,38,204612,644.6705945
2,4,2,6,1299.16,65,566535,436.0779273
2,4,2,7,250.94,18,128549,512.2698653
2,4,2,8,52.96,5,35588,671.978852
2,4,2,9,12692.5,849,4327298,340.9334646
2,4,3,1,1388.66,99,691234,497.7705126
2,4,3,2,177.33,5,45982,259.3018666
2,4,3,3,107.04,4,14953,139.695441
2,4,3,4,497.4,15,38416,77.2336148
2,4,3,5,280.1,23,235331,840.1677972
2,4,3,6,1084.19,46,166621,153.6824726
2,4,3,7,246.24,10,35221,143.0352502
2,4,3,8,61.36,6,83511,1361.000652
2,4,3,9,10957.97,580,3353774,306.0579651
2,4,4,1,1335.57,82,358249,268.2367828
2,4,4,2,229.51,8,18246,79.49980393
2,4,4,3,126.18,2,1916,15.18465684
2,4,4,4,364.11,11,34707,95.32009558
2,4,4,5,318.83,12,40334,126.5062886
2,4,4,6,873.94,33,170727,195.3532279
2,4,4,7,241.3,12,86801,359.7223373
2,4,4,8,76.9,4,19358,251.7295189
2,4,4,9,9689.88,445,2107274,217.4716302
2,4,5,1,1685.23,82,547932,325.137815
2,4,5,2,323.48,15,38665,119.5282552
2,4,5,3,223.59,5,16820,75.22697795
2,4,5,4,349.22,3,6779,19.41183208
2,4,5,5,390.21,15,161309,413.3902258
2,4,5,6,986.77,31,230920,234.0160321
2,4,5,7,329.99,8,51133,154.9531804
2,4,5,8,115.65,5,25988,224.7124946
2,4,5,9,10932.73,441,2172831,198.74551
2,4,6,1,3057.73,116,579356,189.4725826
2,4,6,2,665.09,29,142262,213.8988708
2,4,6,3,570.12,18,110476,193.7767488
2,4,6,4,347.66,10,62709,180.3745038
2,4,6,5,722.62,37,134350,185.9206775
2,4,6,6,1508.43,41,206813,137.1048043
2,4,6,7,656.37,17,45923,69.96511114
2,4,6,8,259.31,13,74790,288.4192665
2,4,6,9,19012.21,728,3816718,200.7508859
2,4,7,1,21848.06,605,3502535,160.3133184
2,4,7,2,4430.43,153,836130,188.724345
2,4,7,3,4695.14,91,528367,112.5348765
2,4,7,4,1818.17,33,101358,55.74726236
2,4,7,5,4808.39,127,850044,176.7834972
2,4,7,6,10510.83,242,1174270,111.7200069
2,4,7,7,4635.35,135,697806,150.5400887
2,4,7,8,1853.07,49,319803,172.5800968
2,4,7,9,121293.07,3338,18245026,150.4210092
2,5,1,1,217.27,47,161646,743.9867446
2,5,1,2,24.81,1,4656,187.6662636
2,5,1,3,14.58,1,2810,192.7297668
2,5,1,4,96.11,4,43315,450.6815108
2,5,1,5,58.14,13,32595,560.629515
2,5,1,6,182.69,15,61055,334.2000109
2,5,1,7,40.3,5,35437,879.3300248
2,5,1,8,5.82,2,6656,1143.642612
2,5,1,9,1933.36,250,1001018,517.7607895
2,5,2,1,211.17,20,113635,538.1209452
2,5,2,2,27.01,5,39053,1445.871899
2,5,2,3,11.46,0,0,0
2,5,2,4,89.19,4,23893,267.8887768
2,5,2,5,58.24,10,24691,423.9526099
2,5,2,6,208.24,12,29123,139.8530542
2,5,2,7,56.58,2,1758,31.07104984
2,5,2,8,8.09,1,4834,597.5278121
2,5,2,9,1976.19,176,1044585,528.5853081
2,5,3,1,231.22,23,64911,280.7326356
2,5,3,2,32.05,1,2536,79.12636505
2,5,3,3,14.51,2,1453,100.137836
2,5,3,4,56.66,3,5473,96.59371691
2,5,3,5,48.09,7,8258,171.7196922
2,5,3,6,175.31,7,16559,94.45553591
2,5,3,7,46.96,4,7541,160.5834753
2,5,3,8,12.26,0,0,0
2,5,3,9,1710.73,101,352227,205.892806
2,5,4,1,229.87,16,70312,305.877235
2,5,4,2,30.72,1,963,31.34765625
2,5,4,3,17.05,1,2320,136.0703812
2,5,4,4,35.98,1,2762,76.76486937
2,5,4,5,51.82,4,37247,718.7765342
2,5,4,6,151.72,7,16448,108.4102294
2,5,4,7,50.32,5,17564,349.0461049
2,5,4,8,11.86,2,36323,3062.647555
2,5,4,9,1513.6,94,391430,258.6086152
2,5,5,1,290.33,17,99863,343.9637654
2,5,5,2,56.82,2,9871,173.7240408
2,5,5,3,32.05,0,0,0
2,5,5,4,41.54,0,0,0
2,5,5,5,77.17,5,49022,635.2468576
2,5,5,6,167.47,7,20196,120.5947334
2,5,5,7,81.9,6,72912,890.2564103
2,5,5,8,28.4,2,8215,289.2605634
2,5,5,9,1872.74,116,725258,387.2710574
2,5,6,1,608.43,29,81371,133.7392962
2,5,6,2,128.85,8,16730,129.8409003
2,5,6,3,96.56,3,13046,135.1077051
2,5,6,4,43.29,1,390,9.009009009
2,5,6,5,149.8,7,12686,84.68624833
2,5,6,6,265.29,11,45599,171.8835991
2,5,6,7,135.47,16,41245,304.4585517
2,5,6,8,55.22,6,70624,1278.9569
2,5,6,9,3457.83,162,764745,221.1632729
2,5,7,1,3359.9,122,604369,179.8770797
2,5,7,2,606.13,27,142803,235.597974
2,5,7,3,610.72,16,109950,180.0334032
2,5,7,4,207.66,6,36294,174.7760763
2,5,7,5,728.55,34,120719,165.6976186
2,5,7,6,1353.85,50,293518,216.8024523
2,5,7,7,736.44,18,47691,64.75883982
2,5,7,8,257.73,7,51190,198.6187095
2,5,7,9,16948.62,616,3131530,184.7660754
2,6,1,1,572.91,85,404731,706.4477841
2,6,1,2,44.41,2,2524,56.83404639
2,6,1,3,23.13,1,5192,224.4703848
2,6,1,4,197.5,8,46327,234.5670886
2,6,1,5,138.07,19,118047,854.9793583
2,6,1,6,444.98,50,355284,798.4268956
2,6,1,7,84.17,14,66584,791.0657004
2,6,1,8,30.55,3,5871,192.1767594
2,6,1,9,4295.2,484,2540690,591.5184392
2,6,2,1,503.2,51,272422,541.3791733
2,6,2,2,54.76,3,7805,142.5310446
2,6,2,3,20.94,0,0,0
2,6,2,4,155.64,8,54065,347.3721408
2,6,2,5,121.24,14,77633,640.3249753
2,6,2,6,455.65,33,155704,341.7184242
2,6,2,7,86.44,4,7725,89.36834799
2,6,2,8,35.3,3,44018,1246.968839
2,6,2,9,3990.8,284,1423093,356.5934149
2,6,3,1,507.75,35,169303,333.4377154
2,6,3,2,55.57,1,8610,154.9397157
2,6,3,3,22.76,0,0,0
2,6,3,4,106.79,3,6486,60.73602397
2,6,3,5,104.27,7,18043,173.0411432
2,6,3,6,372.07,10,53188,142.9515951
2,6,3,7,76.26,3,4736,62.10333071
2,6,3,8,35.48,2,2289,64.51521984
2,6,3,9,3470.02,224,1013321,292.0216598
2,6,4,1,455,23,67152,147.5868132
2,6,4,2,70.27,3,6864,97.68037569
2,6,4,3,28.52,0,0,0
2,6,4,4,92.99,2,32158,345.8221314
2,6,4,5,89.64,3,4864,54.26149041
2,6,4,6,285.72,10,49974,174.9055019
2,6,4,7,90.15,5,54362,603.0171936
2,6,4,8,42.98,3,6623,154.0949279
2,6,4,9,2926.5,138,597450,204.1517171
2,6,5,1,518.47,21,118651,228.8483422
2,6,5,2,96.83,4,9580,98.93628008
2,6,5,3,58.16,1,3521,60.53988996
2,6,5,4,77.26,0,0,0
2,6,5,5,122.15,12,40820,334.1792878
2,6,5,6,301.84,9,81184,268.9636894
2,6,5,7,100.55,5,11208,111.4669319
2,6,5,8,66.47,4,39787,598.5707838
2,6,5,9,3279.28,146,756142,230.5817131
2,6,6,1,992.33,44,278171,280.3210625
2,6,6,2,209.98,6,71372,339.899038
2,6,6,3,165.79,4,55283,333.4519573
2,6,6,4,80.16,4,10539,131.4745509
2,6,6,5,247.97,11,86405,348.4494092
2,6,6,6,546.95,24,80714,147.571076
2,6,6,7,199.47,4,9307,46.65864541
2,6,6,8,137.44,5,40319,293.3571013
2,6,6,9,5716.97,211,1097124,191.9065519
2,6,7,1,6871.94,219,1148035,167.0612665
2,6,7,2,1358.02,47,177092,130.4045596
2,6,7,3,1305.97,25,142010,108.7390981
2,6,7,4,417.82,9,19434,46.51285242
2,6,7,5,1507.58,51,233769,155.0624179
2,6,7,6,3172.45,55,321914,101.4717332
2,6,7,7,1369.78,54,391112,285.5290631
2,6,7,8,792.12,24,127778,161.3114175
2,6,7,9,35319.16,1037,5765190,163.231232
2,7,1,1,36.94,6,15613,422.6583649
2,7,1,2,3.06,0,0,0
2,7,1,3,2.02,0,0,0
2,7,1,4,28.33,1,3005,106.0713025
2,7,1,5,9.02,0,0,0
2,7,1,6,20.84,4,5072,243.378119
2,7,1,7,4.48,0,0,0
2,7,1,8,1.68,0,0,0
2,7,1,9,342.29,26,157981,461.541383
2,7,2,1,33.57,3,6068,180.7566279
2,7,2,2,9.92,0,0,0
2,7,2,3,1.3,0,0,0
2,7,2,4,22.69,1,1410,62.14191274
2,7,2,5,10.46,2,33342,3187.571702
2,7,2,6,24.96,1,4059,162.6201923
2,7,2,7,5.1,0,0,0
2,7,2,8,3.26,0,0,0
2,7,2,9,349.42,15,145126,415.333982
2,7,3,1,35.15,1,2200,62.58890469
2,7,3,2,8.06,0,0,0
2,7,3,3,1.96,0,0,0
2,7,3,4,18.8,1,1588,84.46808511
2,7,3,5,5.05,0,0,0
2,7,3,6,18.54,1,31442,1695.900755
2,7,3,7,8.4,1,2800,333.3333333
2,7,3,8,0.35,0,0,0
2,7,3,9,292.05,13,23491,80.43485705
2,7,4,1,27.49,1,1329,48.34485267
2,7,4,2,4.95,0,0,0
2,7,4,3,2.11,0,0,0
2,7,4,4,8.96,0,0,0
2,7,4,5,6.14,1,1916,312.0521173
2,7,4,6,17.98,0,0,0
2,7,4,7,2.68,0,0,0
2,7,4,8,1.64,0,0,0
2,7,4,9,258.15,5,15880,61.51462328
2,7,5,1,38.56,3,12590,326.5041494
2,7,5,2,10.75,0,0,0
2,7,5,3,3.11,0,0,0
2,7,5,4,8.92,0,0,0
2,7,5,5,4.96,0,0,0
2,7,5,6,17.21,0,0,0
2,7,5,7,6.31,0,0,0
2,7,5,8,2.5,0,0,0
2,7,5,9,267.12,8,11642,43.58340821
2,7,6,1,63.98,2,6574,102.7508596
2,7,6,2,16.87,4,7333,434.6769413
2,7,6,3,6.9,0,0,0
2,7,6,4,8.68,0,0,0
2,7,6,5,11.99,0,0,0
2,7,6,6,24.08,0,0,0
2,7,6,7,13.38,0,0,0
2,7,6,8,6.54,0,0,0
2,7,6,9,453.04,9,81464,179.8163518
2,7,7,1,420.95,7,16802,39.91447915
2,7,7,2,126.12,1,6020,47.73231843
2,7,7,3,39.14,1,1012,25.85590189
2,7,7,4,59.08,1,3580,60.5958023
2,7,7,5,81.78,3,3065,37.47860112
2,7,7,6,193.89,3,32827,169.3073392
2,7,7,7,71.27,1,603,8.460782938
2,7,7,8,31.36,1,1021,32.55739796
2,7,7,9,2873.7,69,381570,132.7800397
3,1,1,1,213.38,53,244561,1146.128972
3,1,1,2,76.97,26,187544,2436.585683
3,1,1,3,60.42,8,18624,308.2423039
3,1,1,4,60.89,10,81052,1331.121695
3,1,1,5,53.3,10,52745,989.587242
3,1,1,6,104.58,13,168471,1610.929432
3,1,1,7,24.92,4,5100,204.6548957
3,1,1,8,12.91,3,42372,3282.106894
3,1,1,9,2375.34,456,1911772,804.8414122
3,1,2,1,276.13,28,106668,386.2963097
3,1,2,2,73.41,14,30232,411.8240022
3,1,2,3,69.26,14,61941,894.3257291
3,1,2,4,73.29,5,66851,912.1435394
3,1,2,5,52.25,7,57304,1096.727273
3,1,2,6,139.64,9,59193,423.8971641
3,1,2,7,42.93,3,5646,131.5164221
3,1,2,8,13.03,0,0,0
3,1,2,9,2472.22,297,1413344,571.6902217
3,1,3,1,299.1,36,196119,655.6970913
3,1,3,2,87.6,11,55966,638.8812785
3,1,3,3,67.91,6,13026,191.8126933
3,1,3,4,65.39,2,2186,33.4301881
3,1,3,5,60.44,8,23091,382.0483124
3,1,3,6,135.85,6,74018,544.8509385
3,1,3,7,48.67,2,3044,62.54366139
3,1,3,8,16.35,3,12589,769.969419
3,1,3,9,2411.79,256,1266725,525.2219306
3,1,4,1,336.16,29,98220,292.1822941
3,1,4,2,119.03,9,61145,513.6940267
3,1,4,3,75.71,3,16285,215.097081
3,1,4,4,44.78,0,0,0
3,1,4,5,69.52,11,67180,966.3406214
3,1,4,6,115.91,10,25912,223.5527564
3,1,4,7,59.11,2,3783,63.9993233
3,1,4,8,18.65,0,0,0
3,1,4,9,2419.59,209,905418,374.2030675
3,1,5,1,480.43,41,129476,269.5002394
3,1,5,2,164.22,16,133759,814.5110218
3,1,5,3,123.44,7,48811,395.4228775
3,1,5,4,50.82,2,4868,95.78905943
3,1,5,5,102.56,3,13127,127.9933697
3,1,5,6,159.79,15,44864,280.7685087
3,1,5,7,73.37,9,56128,764.9993185
3,1,5,8,32.92,2,1512,45.92952612
3,1,5,9,3214.83,274,1088795,338.6788726
3,1,6,1,1110.72,84,399470,359.6495967
3,1,6,2,327.3,32,100742,307.797128
3,1,6,3,300.23,47,234344,780.5482463
3,1,6,4,52.79,2,6842,129.6078803
3,1,6,5,209.45,23,67428,321.9288613
3,1,6,6,303.79,20,70487,232.0254123
3,1,6,7,184.93,16,90830,491.1588168
3,1,6,8,62.38,2,62884,1008.079513
3,1,6,9,6151.48,625,3050824,495.9495926
3,1,7,1,4918.02,236,1326307,269.6831245
3,1,7,2,1398.19,72,342421,244.9030532
3,1,7,3,2349.67,45,142660,60.7149089
3,1,7,4,252.36,15,25307,100.2813441
3,1,7,5,881.09,52,195295,221.6515906
3,1,7,6,1520.51,58,307753,202.401168
3,1,7,7,867.16,45,110181,127.0595968
3,1,7,8,306,7,68657,224.369281
3,1,7,9,26905.35,1481,6783057,252.1081123
3,2,1,1,230.25,30,169977,738.228013
3,2,1,2,52.01,6,49480,951.3555086
3,2,1,3,42.02,6,19600,466.4445502
3,2,1,4,72.26,10,15713,217.4508719
3,2,1,5,63.55,10,45597,717.498033
3,2,1,6,140.48,10,24925,177.4273918
3,2,1,7,41.12,7,29069,706.9309339
3,2,1,8,15.44,4,19159,1240.867876
3,2,1,9,2136.64,283,1188075,556.0482814
3,2,2,1,304.17,33,230024,756.2350002
3,2,2,2,74.05,9,25481,344.1053342
3,2,2,3,44.9,3,7212,160.623608
3,2,2,4,74.01,1,700,9.458181327
3,2,2,5,71.95,7,12796,177.8457262
3,2,2,6,201.2,13,30337,150.7803181
3,2,2,7,49.51,4,35898,725.0656433
3,2,2,8,11.53,1,5716,495.7502168
3,2,2,9,2535.1,241,1050750,414.4806911
3,2,3,1,346.82,28,127469,367.5364743
3,2,3,2,74.87,13,71451,954.3341792
3,2,3,3,49.48,6,18584,375.5860954
3,2,3,4,67.62,4,11510,170.2159125
3,2,3,5,75.8,11,59922,790.5277045
3,2,3,6,211.42,12,52349,247.6066597
3,2,3,7,58.59,6,19142,326.7110428
3,2,3,8,21.15,1,309,14.60992908
3,2,3,9,2607.48,222,986926,378.4980134
3,2,4,1,398.7,30,121008,303.5063958
3,2,4,2,115.52,13,31036,268.6634349
3,2,4,3,61.44,5,15124,246.1588542
3,2,4,4,46.99,2,4809,102.3409236
3,2,4,5,81.79,9,79729,974.8013205
3,2,4,6,178.98,16,57389,320.6447648
3,2,4,7,73.74,4,13266,179.9023596
3,2,4,8,21.73,2,6506,299.4017487
3,2,4,9,2804.47,185,983263,350.6056403
3,2,5,1,577.94,44,164565,284.7440911
3,2,5,2,186.56,17,37312,200
3,2,5,3,99.25,5,70395,709.2695214
3,2,5,4,37.92,2,3340,88.08016878
3,2,5,5,114.6,12,36371,317.3734729
3,2,5,6,231.48,8,12793,55.2661137
3,2,5,7,112.71,3,7993,70.9165114
3,2,5,8,49.52,1,7647,154.4224556
3,2,5,9,3785.59,255,1135808,300.0346049
3,2,6,1,1204.54,64,297189,246.7240606
3,2,6,2,348.05,20,87441,251.231145
3,2,6,3,318.67,21,132964,417.2466815
3,2,6,4,59.64,2,2113,35.42924212
3,2,6,5,233.04,14,55184,236.8005493
3,2,6,6,401.81,21,79575,198.0413628
3,2,6,7,229.04,16,63658,277.9339853
3,2,6,8,113.66,5,69056,607.5664262
3,2,6,9,7232.56,477,2168736,299.8573119
3,2,7,1,6206.24,291,1529817,246.4965905
3,2,7,2,1778.53,97,442424,248.7582442
3,2,7,3,1574.59,60,408143,259.2058885
3,2,7,4,257.82,12,34524,133.9073772
3,2,7,5,1214.18,67,253711,208.9566621
3,2,7,6,1992.86,65,250177,125.5366659
3,2,7,7,1295.2,52,296108,228.6195182
3,2,7,8,502.83,27,92809,184.573315
3,2,7,9,33844.51,1504,7698320,227.461411
3,3,1,1,252.96,35,165902,655.842821
3,3,1,2,55.7,6,15001,269.3177738
3,3,1,3,42.39,5,19085,450.2241095
3,3,1,4,61.57,7,47058,764.3007958
3,3,1,5,76.42,18,103398,1353.022769
3,3,1,6,171.47,18,101601,592.5293054
3,3,1,7,37.76,5,7103,188.1091102
3,3,1,8,14.17,1,31442,2218.913197
3,3,1,9,2164.34,294,1266124,584.9931157
3,3,2,1,354.49,43,270211,762.2528139
3,3,2,2,56.21,7,45695,812.9336417
3,3,2,3,33.16,1,6939,209.2581423
3,3,2,4,72.74,5,12904,177.3989552
3,3,2,5,88.73,11,26769,301.6905218
3,3,2,6,257.15,19,67830,263.7760062
3,3,2,7,55.78,6,21727,389.51237
3,3,2,8,26.57,2,7009,263.7937524
3,3,2,9,2691.01,234,1261608,468.8232299
3,3,3,1,388.74,25,131184,337.4594845
3,3,3,2,71.36,7,44201,619.4086323
3,3,3,3,38.48,1,4375,113.6954262
3,3,3,4,71.03,2,5964,83.96452203
3,3,3,5,86.96,11,42621,490.1218951
3,3,3,6,250.19,20,173266,692.5376714
3,3,3,7,75,6,39333,524.44
3,3,3,8,34.92,5,22418,641.9816724
3,3,3,9,2786.03,190,858717,308.2224527
3,3,4,1,449.5,29,195168,434.189099
3,3,4,2,106.66,7,51072,478.8299269
3,3,4,3,50.85,3,34954,687.394297
3,3,4,4,49.51,2,11339,229.0244395
3,3,4,5,93.52,3,4737,50.65226689
3,3,4,6,229.73,14,69250,301.4408218
3,3,4,7,93.86,6,23703,252.5356915
3,3,4,8,35.25,2,33142,940.1985816
3,3,4,9,2823.71,174,804353,284.8568019
3,3,5,1,623.39,41,164990,264.665779
3,3,5,2,165.36,8,49197,297.5145138
3,3,5,3,107.24,6,9345,87.14099217
3,3,5,4,53.95,2,4256,78.88785913
3,3,5,5,115.89,13,33965,293.0796445
3,3,5,6,289.39,14,64812,223.960745
3,3,5,7,130.94,9,58316,445.364289
3,3,5,8,68.28,3,5923,86.74575278
3,3,5,9,3795.31,233,1102967,290.6131515
3,3,6,1,1211.8,55,204035,168.373494
3,3,6,2,331.56,27,160170,483.0799855
3,3,6,3,244.41,21,112398,459.8748005
3,3,6,4,69.85,4,7558,108.2032928
3,3,6,5,285.97,13,72538,253.6559779
3,3,6,6,501.96,17,79132,157.6460276
3,3,6,7,260.81,16,66095,253.4220314
3,3,6,8,140.81,11,99429,706.1217243
3,3,6,9,6982.23,418,2296256,328.8714351
3,3,7,1,6637.23,243,1109910,167.2248815
3,3,7,2,1681.52,71,377529,224.5165089
3,3,7,3,1688.25,47,211505,125.280616
3,3,7,4,319.83,6,49844,155.8452928
3,3,7,5,1402.18,55,204355,145.7409177
3,3,7,6,2650.35,76,436313,164.6246722
3,3,7,7,1414.4,56,314402,222.2864819
3,3,7,8,821.8,32,244466,297.4762716
3,3,7,9,36595.09,1462,7765626,212.2040416
3,4,1,1,559.52,82,333333,595.7481413
3,4,1,2,79.18,9,83389,1053.157363
3,4,1,3,52.97,5,10472,197.6968095
3,4,1,4,139.86,4,13468,96.2962963
3,4,1,5,125.06,21,139195,1113.025748
3,4,1,6,395.86,34,101041,255.2442783
3,4,1,7,65.27,4,13716,210.1424851
3,4,1,8,25.95,3,14203,547.3217726
3,4,1,9,4174.3,477,2028574,485.9674676
3,4,2,1,759.38,75,461748,608.0592062
3,4,2,2,95.99,9,12058,125.6172518
3,4,2,3,61.91,2,10300,166.3705379
3,4,2,4,162.43,7,38966,239.8941082
3,4,2,5,171.4,17,79870,465.9859977
3,4,2,6,581.13,31,233888,402.4710478
3,4,2,7,141.7,11,85892,606.1538462
3,4,2,8,33.05,3,13031,394.2813918
3,4,2,9,5179.78,407,2133862,411.9599674
3,4,3,1,882.28,67,325944,369.4337399
3,4,3,2,140.89,6,22634,160.6501526
3,4,3,3,80.68,1,3416,42.34010907
3,4,3,4,120.58,3,70053,580.9669929
3,4,3,5,168.89,12,23087,136.6984428
3,4,3,6,566.4,24,143467,253.2962571
3,4,3,7,141.85,13,34102,240.4088826
3,4,3,8,59.83,5,41928,700.7855591
3,4,3,9,5273.39,323,1769366,335.5272415
3,4,4,1,930.38,53,294693,316.744771
3,4,4,2,186.23,13,91535,491.5158675
3,4,4,3,103.32,2,12215,118.2249322
3,4,4,4,95.19,3,36777,386.3536086
3,4,4,5,202.06,16,71636,354.5283579
3,4,4,6,507.25,21,47506,93.65401676
3,4,4,7,153.52,9,81848,533.1422616
3,4,4,8,80.05,2,7466,93.26670831
3,4,4,9,5361.38,290,1551046,289.2997698
3,4,5,1,1240.15,72,441578,356.0682176
3,4,5,2,271.62,16,87667,322.7560563
3,4,5,3,229.54,14,83355,363.1393221
3,4,5,4,95.75,2,8741,91.28981723
3,4,5,5,262.73,18,44435,169.1280021
3,4,5,6,575.18,17,65613,114.0738551
3,4,5,7,240.02,14,28430,118.4484626
3,4,5,8,132.37,2,7701,58.17783486
3,4,5,9,7316.31,332,2030248,277.4961695
3,4,6,1,2278.6,101,444371,195.0193101
3,4,6,2,587.8,31,122651,208.6611092
3,4,6,3,504.36,14,103196,204.6078198
3,4,6,4,124.82,2,31519,252.5156225
3,4,6,5,520.21,26,116043,223.0695296
3,4,6,6,969.68,40,193661,199.7164013
3,4,6,7,483.93,22,64380,133.0357696
3,4,6,8,317.12,15,150041,473.1363522
3,4,6,9,13375.57,616,3207923,239.8344893
3,4,7,1,14598.67,444,2526990,173.0972753
3,4,7,2,3769.94,118,775364,205.6701168
3,4,7,3,3657.95,104,731869,200.0762722
3,4,7,4,639.63,8,13695,21.41081563
3,4,7,5,3018.7,95,485071,160.6887071
3,4,7,6,6256.55,150,730785,116.8031903
3,4,7,7,2890.19,115,676893,234.2036337
3,4,7,8,2160,55,380519,176.1662037
3,4,7,9,79614.96,2548,13203616,165.8434043
3,5,1,1,66.18,11,86991,1314.460562
3,5,1,2,12.2,2,4206,344.7540984
3,5,1,3,10.46,0,0,0
3,5,1,4,12.55,1,31442,2505.338645
3,5,1,5,16.22,1,617,38.03945746
3,5,1,6,45.16,1,1606,35.56244464
3,5,1,7,10.26,4,8787,856.4327485
3,5,1,8,8.14,0,0,0
3,5,1,9,582.17,82,288772,496.0269337
3,5,2,1,95.88,4,40620,423.6545682
3,5,2,2,14.67,1,1234,84.11724608
3,5,2,3,9.1,0,0,0
3,5,2,4,14.04,0,0,0
3,5,2,5,23.38,5,10834,463.3875107
3,5,2,6,64.73,6,80041,1236.536382
3,5,2,7,15.78,0,0,0
3,5,2,8,7.15,0,0,0
3,5,2,9,682.07,66,251890,369.302271
3,5,3,1,106.06,9,52060,490.8542335
3,5,3,2,25.79,3,5523,214.1527724
3,5,3,3,12.55,1,901,71.79282869
3,5,3,4,12.61,1,2693,213.5606661
3,5,3,5,28.41,1,1300,45.75853573
3,5,3,6,69.25,4,10121,146.1516245
3,5,3,7,24.06,0,0,0
3,5,3,8,7.05,0,0,0
3,5,3,9,696.56,44,270042,387.6794533
3,5,4,1,122.77,6,40268,327.9954386
3,5,4,2,28.66,1,1100,38.38101884
3,5,4,3,18.5,1,1855,100.2702703
3,5,4,4,10,0,0,0
3,5,4,5,29.15,0,0,0
3,5,4,6,71.37,4,11034,154.6027743
3,5,4,7,22.78,1,3056,134.1527656
3,5,4,8,10.62,2,32355,3046.610169
3,5,4,9,741.23,44,249540,336.6566383
3,5,5,1,186.4,6,97634,523.7875536
3,5,5,2,39.3,2,32030,815.0127226
3,5,5,3,31.63,2,6342,200.5058489
3,5,5,4,5.84,0,0,0
3,5,5,5,33.94,5,13825,407.3364761
3,5,5,6,88.3,2,32833,371.8346546
3,5,5,7,36.43,4,3897,106.9722756
3,5,5,8,29.33,1,31442,1072.008183
3,5,5,9,1017.94,56,268945,264.2051594
3,5,6,1,359.83,15,218411,606.9838535
3,5,6,2,79.26,10,50649,639.0234671
3,5,6,3,73.62,5,8906,120.9725618
3,5,6,4,13.33,0,0,0
3,5,6,5,83.2,6,49166,590.9375
3,5,6,6,138.19,4,18433,133.3888125
3,5,6,7,79.55,3,12478,156.8573224
3,5,6,8,54.94,2,4486,81.65271205
3,5,6,9,1941.76,89,319443,164.5120921
3,5,7,1,1855.3,65,358790,193.3865143
3,5,7,2,457.25,25,217118,474.8343357
3,5,7,3,442.87,16,74000,167.0919231
3,5,7,4,61.12,2,3887,63.59620419
3,5,7,5,367.21,21,109371,297.843196
3,5,7,6,633.37,19,145079,229.058844
3,5,7,7,386.49,14,41905,108.4245388
3,5,7,8,252.47,13,92133,364.9265259
3,5,7,9,9545.23,396,1983959,207.8482132
3,6,1,1,187.75,35,171592,913.9387483
3,6,1,2,24.04,4,15092,627.7870216
3,6,1,3,13.61,2,32158,2362.821455
3,6,1,4,33.47,1,4487,134.0603526
3,6,1,5,41.84,8,13586,324.7131931
3,6,1,6,136.14,19,42561,312.6267078
3,6,1,7,30.6,1,556,18.16993464
3,6,1,8,15.77,4,4684,297.0196576
3,6,1,9,1238.84,140,720084,581.2566595
3,6,2,1,259.57,30,142441,548.7575606
3,6,2,2,29.78,1,2640,88.65010074
3,6,2,3,16.41,0,0,0
3,6,2,4,37.07,1,9869,266.2260588
3,6,2,5,58.8,4,11865,201.7857143
3,6,2,6,209.75,8,80833,385.3778308
3,6,2,7,48.04,6,17574,365.8201499
3,6,2,8,26.94,2,9713,360.5419451
3,6,2,9,1626.78,125,470051,288.9456472
3,6,3,1,299.91,19,169849,566.3332333
3,6,3,2,28.45,0,0,0
3,6,3,3,22.83,0,0,0
3,6,3,4,30.88,0,0,0
3,6,3,5,54.01,4,4943,91.52008887
3,6,3,6,181.06,11,42891,236.8883243
3,6,3,7,46.17,0,0,0
3,6,3,8,38.09,3,3450,90.57495406
3,6,3,9,1632.96,92,403488,247.0899471
3,6,4,1,300.59,17,117401,390.5685485
3,6,4,2,44.31,5,12173,274.7235387
3,6,4,3,28,0,0,0
3,6,4,4,19.33,0,0,0
3,6,4,5,53.55,3,5949,111.092437
3,6,4,6,163.02,7,25358,155.5514661
3,6,4,7,58.78,5,43236,735.5563117
3,6,4,8,46.23,2,1803,39.00064893
3,6,4,9,1577.85,80,447128,283.3780144
3,6,5,1,385.54,16,110578,286.8133008
3,6,5,2,84.29,6,13624,161.6324594
3,6,5,3,64.25,1,1518,23.62645914
3,6,5,4,23.74,0,0,0
3,6,5,5,78.56,6,20737,263.9638493
3,6,5,6,198.91,7,20881,104.9771253
3,6,5,7,68.71,2,9151,133.1829428
3,6,5,8,61.13,3,18101,296.1066579
3,6,5,9,2017.86,112,644496,319.3957955
3,6,6,1,772.69,32,120917,156.4883718
3,6,6,2,188.97,11,69871,369.7465206
3,6,6,3,141.34,4,49093,347.3397481
3,6,6,4,35.49,0,0,0
3,6,6,5,160.82,7,53193,330.7610994
3,6,6,6,328.78,17,79488,241.7665308
3,6,6,7,136.87,11,36441,266.2453423
3,6,6,8,155.63,4,35412,227.5396774
3,6,6,9,3855.71,164,981465,254.5484489
3,6,7,1,4739.07,156,1031429,217.6437571
3,6,7,2,1134.37,45,235652,207.7382159
3,6,7,3,1078.25,32,168555,156.3227452
3,6,7,4,151.43,2,5982,39.50340091
3,6,7,5,971.01,35,95823,98.68384466
3,6,7,6,1928.14,45,368238,190.9809454
3,6,7,7,889.08,27,89649,100.8334458
3,6,7,8,900.56,35,228604,253.8464955
3,6,7,9,22985.48,799,4265828,185.5879451
3,7,1,1,3.39,1,303,89.38053097
3,7,1,2,2.34,0,0,0
3,7,1,3,0.8,0,0,0
3,7,1,4,2.49,0,0,0
3,7,1,5,1.34,1,906,676.119403
3,7,1,6,8.71,0,0,0
3,7,1,7,1.63,0,0,0
3,7,1,8,0.15,0,0,0
3,7,1,9,78.57,6,66711,849.0645284
3,7,2,1,19.19,0,0,0
3,7,2,2,3.27,0,0,0
3,7,2,3,0.38,0,0,0
3,7,2,4,5.71,1,31442,5506.47986
3,7,2,5,4.12,1,31442,7631.553398
3,7,2,6,10.07,0,0,0
3,7,2,7,3.24,0,0,0
3,7,2,8,1.28,0,0,0
3,7,2,9,111.66,10,33310,298.3163174
3,7,3,1,15.14,1,1441,95.17833554
3,7,3,2,4.09,0,0,0
3,7,3,3,0.9,0,0,0
3,7,3,4,1.06,0,0,0
3,7,3,5,2.02,0,0,0
3,7,3,6,6.7,0,0,0
3,7,3,7,1,0,0,0
3,7,3,8,0.76,0,0,0
3,7,3,9,105.76,8,14449,136.6206505
3,7,4,1,14.41,0,0,0
3,7,4,2,1.92,1,794,413.5416667
3,7,4,3,0.96,0,0,0
3,7,4,4,1.16,0,0,0
3,7,4,5,3.85,0,0,0
3,7,4,6,5.92,0,0,0
3,7,4,7,1.9,3,11762,6190.526316
3,7,4,8,2.21,0,0,0
3,7,4,9,110.85,5,41333,372.8732521
3,7,5,1,14.35,0,0,0
3,7,5,2,4.57,0,0,0
3,7,5,3,3.34,0,0,0
3,7,5,4,3.56,0,0,0
3,7,5,5,7.44,0,0,0
3,7,5,6,13.81,0,0,0
3,7,5,7,4.92,0,0,0
3,7,5,8,1.16,0,0,0
3,7,5,9,146.21,7,49986,341.8781205
3,7,6,1,31.22,2,4738,151.7616912
3,7,6,2,14.4,0,0,0
3,7,6,3,4.81,0,0,0
3,7,6,4,6.03,0,0,0
3,7,6,5,4.25,2,2063,485.4117647
3,7,6,6,13.08,1,1769,135.2446483
3,7,6,7,10.27,0,0,0
3,7,6,8,6.33,0,0,0
3,7,6,9,292.33,10,22382,76.56415695
3,7,7,1,288.36,12,41206,142.8977667
3,7,7,2,84.68,1,1200,14.17099669
3,7,7,3,29.99,1,31442,1048.416139
3,7,7,4,19.07,1,3608,189.1976927
3,7,7,5,37.96,1,1455,38.32982086
3,7,7,6,113.33,2,7618,67.21962411
3,7,7,7,40.84,2,34979,856.4887365
3,7,7,8,34.87,0,0,0
3,7,7,9,1720.36,57,226934,131.9107629
4,1,1,1,49.31,11,23218,470.8578382
4,1,1,2,22.93,6,14940,651.5481901
4,1,1,3,34.01,9,101091,2972.390473
4,1,1,4,6.08,0,0,0
4,1,1,5,17.77,4,4164,234.3275183
4,1,1,6,18.59,1,3044,163.7439484
4,1,1,7,3.89,0,0,0
4,1,1,8,4.31,1,400,92.80742459
4,1,1,9,601.75,103,381138,633.382634
4,1,2,1,77.53,6,16812,216.8450922
4,1,2,2,29.09,5,9656,331.935373
4,1,2,3,36.39,6,10543,289.7224512
4,1,2,4,11.32,1,8231,727.1201413
4,1,2,5,18.74,3,4571,243.9167556
4,1,2,6,32.02,3,38542,1203.685197
4,1,2,7,13.62,1,954,70.04405286
4,1,2,8,3.73,0,0,0
4,1,2,9,735.71,86,391512,532.1553329
4,1,3,1,85.77,4,14451,168.4854844
4,1,3,2,36.08,2,3784,104.8780488
4,1,3,3,34.31,6,8274,241.1541825
4,1,3,4,12.01,1,917,76.35303913
4,1,3,5,19.1,4,14439,755.9685864
4,1,3,6,32.8,4,12608,384.3902439
4,1,3,7,18.59,1,900,48.41312534
4,1,3,8,8.54,3,4956,580.3278689
4,1,3,9,729.62,88,599538,821.7126723
4,1,4,1,105.73,15,90111,852.2746619
4,1,4,2,35.14,6,38663,1100.256118
4,1,4,3,53.38,1,3000,56.20082428
4,1,4,4,6.89,1,4686,680.1161103
4,1,4,5,18.19,3,3372,185.3765805
4,1,4,6,34.63,2,3178,91.7701415
4,1,4,7,16.77,0,0,0
4,1,4,8,11.75,0,0,0
4,1,4,9,766.14,71,430373,561.7419793
4,1,5,1,166.1,7,40729,245.2077062
4,1,5,2,66.54,5,43356,651.5779982
4,1,5,3,48.99,7,17562,358.4813227
4,1,5,4,10.91,1,993,91.01741522
4,1,5,5,32.5,5,47591,1464.338462
4,1,5,6,53.9,4,15205,282.096475
4,1,5,7,17.88,2,8643,483.3892617
4,1,5,8,17.04,2,3314,194.4835681
4,1,5,9,1064.66,96,403899,379.3690004
4,1,6,1,344.68,32,184118,534.1708251
4,1,6,2,125.36,15,34894,278.350351
4,1,6,3,130.03,11,66353,510.2899331
4,1,6,4,15,0,0,0
4,1,6,5,73.29,10,122551,1672.138082
4,1,6,6,95.16,4,9655,101.4606978
4,1,6,7,51.85,3,33098,638.3413693
4,1,6,8,35.32,5,12104,342.6953567
4,1,6,9,2154.39,173,702215,325.9460915
4,1,7,1,1528.57,87,483084,316.036557
4,1,7,2,567.56,35,209646,369.3812108
4,1,7,3,563.23,34,107767,191.3374643
4,1,7,4,65.95,3,12950,196.3608795
4,1,7,5,278.46,24,93032,334.0946635
4,1,7,6,395.47,10,27088,68.49571396
4,1,7,7,230.9,5,22495,97.42312689
4,1,7,8,163.53,8,27401,167.5594692
4,1,7,9,8738.13,520,2437429,278.9417187
4,2,1,1,52.42,9,50023,954.2731782
4,2,1,2,18.13,3,33786,1863.541092
4,2,1,3,13.45,0,0,0
4,2,1,4,7.31,2,6906,944.7332421
4,2,1,5,17.93,7,18501,1031.846068
4,2,1,6,35.36,2,5317,150.3676471
4,2,1,7,10.18,2,1329,130.5500982
4,2,1,8,3.66,2,3465,946.7213115
4,2,1,9,510.14,83,357640,701.0624534
4,2,2,1,73.64,7,45054,611.8142314
4,2,2,2,25.83,4,12796,495.3929539
4,2,2,3,17.27,1,148,8.569774175
4,2,2,4,14.44,0,0,0
4,2,2,5,23.46,2,6103,260.1449275
4,2,2,6,58.09,5,36882,634.9113445
4,2,2,7,20.45,2,4383,214.3276284
4,2,2,8,6.65,0,0,0
4,2,2,9,720.52,98,456585,633.6881697
4,2,3,1,126.64,11,28994,228.9481996
4,2,3,2,35.86,4,8066,224.9302844
4,2,3,3,21.01,2,10160,483.579248
4,2,3,4,16.24,0,0,0
4,2,3,5,19.53,1,6861,351.3056836
4,2,3,6,56.42,3,7874,139.5604396
4,2,3,7,26.02,3,10624,408.3013067
4,2,3,8,10.09,2,6237,618.1367691
4,2,3,9,855.76,62,303872,355.0902122
4,2,4,1,138.08,16,134301,972.6318076
4,2,4,2,41.49,3,7068,170.3543022
4,2,4,3,34.65,3,38011,1096.998557
4,2,4,4,12.24,0,0,0
4,2,4,5,24.21,6,25737,1063.07311
4,2,4,6,54.79,2,2560,46.72385472
4,2,4,7,34.39,2,34833,1012.881652
4,2,4,8,12.31,0,0,0
4,2,4,9,903.99,70,360223,398.4811779
4,2,5,1,199.99,14,66020,330.1165058
4,2,5,2,67.63,8,23998,354.8425255
4,2,5,3,44.13,1,2288,51.84681622
4,2,5,4,12.04,0,0,0
4,2,5,5,37.01,2,5688,153.6881924
4,2,5,6,67.39,4,5756,85.41326606
4,2,5,7,38.42,3,4812,125.247267
4,2,5,8,20.27,4,36477,1799.555994
4,2,5,9,1305.83,99,321088,245.8880559
4,2,6,1,452.94,31,97902,216.1478342
4,2,6,2,166.21,17,158030,950.7851513
4,2,6,3,127.04,10,66279,521.7175693
4,2,6,4,16.52,1,1800,108.9588378
4,2,6,5,91.55,8,9753,106.5319498
4,2,6,6,135.02,3,8171,60.51696045
4,2,6,7,83.37,7,14223,170.6009356
4,2,6,8,65.8,1,4332,65.83586626
4,2,6,9,2702.27,157,912421,337.6498277
4,2,7,1,2110.59,107,595146,281.9808679
4,2,7,2,708.77,43,155553,219.4689391
4,2,7,3,717.74,28,222823,310.4508596
4,2,7,4,55.84,2,5417,97.00931232
4,2,7,5,403.75,21,52327,129.6024768
4,2,7,6,630.8,30,78258,124.0615092
4,2,7,7,410.91,26,73043,177.75912
4,2,7,8,328.26,5,14963,45.58276976
4,2,7,9,12169.67,598,3223609,264.8887768
4,3,1,1,70.13,12,55595,792.7420505
4,3,1,2,17.58,1,8064,458.7030717
4,3,1,3,23.46,2,6214,264.8763853
4,3,1,4,11.23,1,8670,772.0391808
4,3,1,5,13.24,3,2138,161.4803625
4,3,1,6,47.61,5,12105,254.2533081
4,3,1,7,11.87,0,0,0
4,3,1,8,5.77,0,0,0
4,3,1,9,499.28,52,237894,476.4741227
4,3,2,1,112.86,11,25656,227.3258905
4,3,2,2,26.77,1,3915,146.2457975
4,3,2,3,25.69,7,41229,1604.865707
4,3,2,4,11.26,1,3468,307.9928952
4,3,2,5,23.55,3,2732,116.0084926
4,3,2,6,78.7,6,18099,229.974587
4,3,2,7,19.31,4,8908,461.3153806
4,3,2,8,7.38,1,31442,4260.433604
4,3,2,9,784.88,74,291386,371.2491081
4,3,3,1,132.22,11,112977,854.4622599
4,3,3,2,32.33,2,5747,177.7605939
4,3,3,3,23.84,1,31442,1318.875839
4,3,3,4,12.19,1,2400,196.8826907
4,3,3,5,31.33,1,939,29.97127354
4,3,3,6,92.3,6,47618,515.9046587
4,3,3,7,18.55,3,10335,557.1428571
4,3,3,8,7.26,0,0,0
4,3,3,9,881.54,46,198404,225.0652268
4,3,4,1,181.06,9,45410,250.8008395
4,3,4,2,46.47,0,0,0
4,3,4,3,29.81,0,0,0
4,3,4,4,9.02,0,0,0
4,3,4,5,31.21,6,44195,1416.052547
4,3,4,6,89.92,3,10382,115.4581851
4,3,4,7,31.18,2,3523,112.9890956
4,3,4,8,17.15,3,10519,613.3527697
4,3,4,9,958.53,73,380081,396.5248871
4,3,5,1,232.21,9,86821,373.8900133
4,3,5,2,55.68,0,0,0
4,3,5,3,48.14,2,34624,719.2355629
4,3,5,4,12.63,0,0,0
4,3,5,5,52.17,2,3952,75.75234809
4,3,5,6,107.44,6,46145,429.4955324
4,3,5,7,40.18,5,11704,291.2891986
4,3,5,8,38.26,0,0,0
4,3,5,9,1404.67,95,417261,297.0526885
4,3,6,1,502.26,23,107693,214.4168359
4,3,6,2,135.72,14,84314,621.2348954
4,3,6,3,140.08,5,9624,68.70359794
4,3,6,4,17.48,0,0,0
4,3,6,5,107.97,5,17978,166.5092155
4,3,6,6,143.88,11,27311,189.8179038
4,3,6,7,87.39,8,42469,485.9709349
4,3,6,8,82.11,4,18826,229.2777981
4,3,6,9,2805.94,139,733705,261.482783
4,3,7,1,2312.76,107,695827,300.8643353
4,3,7,2,676.83,29,146054,215.7912622
4,3,7,3,748.35,33,169849,226.9646556
4,3,7,4,79.77,5,42430,531.9042246
4,3,7,5,504.39,18,66503,131.8483713
4,3,7,6,862.65,25,124101,143.8601982
4,3,7,7,512.76,17,59311,115.6700991
4,3,7,8,470.4,22,121196,257.6445578
4,3,7,9,13951.57,584,2899470,207.8239223
4,4,1,1,172.47,21,105510,611.7585667
4,4,1,2,26.09,0,0,0
4,4,1,3,30.77,5,40261,1308.449789
4,4,1,4,13.54,0,0,0
4,4,1,5,30.82,3,43190,1401.362751
4,4,1,6,104.04,9,25652,246.5590158
4,4,1,7,20.72,4,7244,349.6138996
4,4,1,8,11.16,2,2280,204.3010753
4,4,1,9,944.79,90,407441,431.2503308
4,4,2,1,269.84,31,271937,1007.771272
4,4,2,2,44.88,4,18343,408.7121212
4,4,2,3,43.45,4,16229,373.5097814
4,4,2,4,35.07,2,1770,50.4704876
4,4,2,5,48.57,7,18027,371.155034
4,4,2,6,164.27,13,55542,338.1140805
4,4,2,7,31.44,2,2738,87.08651399
4,4,2,8,21.8,2,1710,78.44036697
4,4,2,9,1582.15,144,690199,436.2411908
4,4,3,1,324.35,21,81074,249.9583783
4,4,3,2,67.35,5,7762,115.2487008
4,4,3,3,35.51,2,2184,61.50380175
4,4,3,4,17.58,1,1500,85.32423208
4,4,3,5,49.59,6,12520,252.4702561
4,4,3,6,164.43,15,139115,846.0439093
4,4,3,7,48.55,5,9487,195.4067971
4,4,3,8,28.33,2,34108,1203.953406
4,4,3,9,1687.61,120,623928,369.7110114
4,4,4,1,328.35,21,88706,270.1568448
4,4,4,2,80.47,5,6326,78.61314776
4,4,4,3,56.09,3,5281,94.1522553
4,4,4,4,20.88,0,0,0
4,4,4,5,64.24,4,39255,611.0678705
4,4,4,6,174.1,9,57665,331.217691
4,4,4,7,50.19,3,7652,152.4606495
4,4,4,8,55.6,4,9368,168.4892086
4,4,4,9,1907.97,101,489424,256.5155637
4,4,5,1,481.3,30,86157,179.0089341
4,4,5,2,130.83,4,41552,317.6029963
4,4,5,3,93.2,4,45751,490.8905579
4,4,5,4,21.78,1,2193,100.6887052
4,4,5,5,83.41,8,27643,331.4111018
4,4,5,6,228.49,12,113934,498.6388901
4,4,5,7,90.12,5,14731,163.4598313
4,4,5,8,84.36,7,13308,157.7524893
4,4,5,9,2775.52,160,865925,311.9865827
4,4,6,1,978.57,44,304384,311.0497972
4,4,6,2,284.51,12,110861,389.6558996
4,4,6,3,259.23,15,36007,138.8998187
4,4,6,4,36.88,0,0,0
4,4,6,5,179.94,6,57514,319.6287651
4,4,6,6,398.99,18,123132,308.6092383
4,4,6,7,159.68,7,42550,266.4704409
4,4,6,8,179.44,15,135172,753.2991529
4,4,6,9,5553.54,255,1529493,275.4086583
4,4,7,1,5091.56,187,1200157,235.7149872
4,4,7,2,1618.34,67,364718,225.365498
4,4,7,3,1710.88,74,348802,203.8728608
4,4,7,4,166.09,4,7563,45.53555301
4,4,7,5,1098.94,50,223397,203.2840737
4,4,7,6,2288.5,62,240148,104.9368582
4,4,7,7,1101.12,46,264633,240.3307541
4,4,7,8,1289.41,43,195629,151.7197788
4,4,7,9,30873.62,1186,6834531,221.3712224
4,5,1,1,14.14,2,2676,189.2503536
4,5,1,2,3.98,2,9979,2507.286432
4,5,1,3,1.93,0,0,0
4,5,1,4,0.13,0,0,0
4,5,1,5,5.26,1,600,114.0684411
4,5,1,6,12.36,2,7638,617.961165
4,5,1,7,1.14,0,0,0
4,5,1,8,1.02,0,0,0
4,5,1,9,110.4,14,61788,559.673913
4,5,2,1,22.43,1,1825,81.36424432
4,5,2,2,6.47,0,0,0
4,5,2,3,3.74,0,0,0
4,5,2,4,3.6,0,0,0
4,5,2,5,4.65,0,0,0
4,5,2,6,19.16,1,1258,65.65762004
4,5,2,7,3.64,1,72,19.78021978
4,5,2,8,2.05,0,0,0
4,5,2,9,184.5,17,134556,729.300813
4,5,3,1,28.65,3,2343,81.78010471
4,5,3,2,10.98,1,5762,524.7723133
4,5,3,3,5.65,0,0,0
4,5,3,4,2.86,0,0,0
4,5,3,5,6.91,1,956,138.3502171
4,5,3,6,26.36,2,11007,417.5644917
4,5,3,7,3.84,1,2330,606.7708333
4,5,3,8,1.86,0,0,0
4,5,3,9,210.68,12,49731,236.0499335
4,5,4,1,41.28,1,4333,104.9660853
4,5,4,2,9.24,1,31442,3402.813853
4,5,4,3,9.24,1,1684,182.2510823
4,5,4,4,2.81,0,0,0
4,5,4,5,8.87,0,0,0
4,5,4,6,20.82,1,5368,257.8290106
4,5,4,7,8.46,0,0,0
4,5,4,8,4.4,0,0,0
4,5,4,9,235.24,15,106855,454.2382248
4,5,5,1,59.64,5,18003,301.861167
4,5,5,2,13.54,0,0,0
4,5,5,3,9.66,1,31442,3254.865424
4,5,5,4,0.75,0,0,0
4,5,5,5,12.18,0,0,0
4,5,5,6,25.69,0,0,0
4,5,5,7,14.53,0,0,0
4,5,5,8,9.86,0,0,0
4,5,5,9,348.3,30,250211,718.3778352
4,5,6,1,136.9,12,96970,708.3272462
4,5,6,2,30.74,1,1503,48.89394925
4,5,6,3,38.5,3,35613,925.012987
4,5,6,4,2.31,0,0,0
4,5,6,5,31.5,3,6302,200.0634921
4,5,6,6,39.79,3,34383,864.1115858
4,5,6,7,27.33,1,31442,1150.457373
4,5,6,8,26.32,2,34167,1298.138298
4,5,6,9,755.36,47,255811,338.6610358
4,5,7,1,593.04,21,123958,209.0213139
4,5,7,2,158.87,11,47492,298.9362372
4,5,7,3,196.15,9,30277,154.3563599
4,5,7,4,12.98,0,0,0
4,5,7,5,104.85,1,1978,18.8650453
4,5,7,6,194.9,4,10588,54.32529502
4,5,7,7,138.42,7,67566,488.1231036
4,5,7,8,149.13,3,9709,65.10427144
4,5,7,9,3152.35,156,768061,243.6471204
4,6,1,1,59.95,10,31740,529.441201
4,6,1,2,8.18,0,0,0
4,6,1,3,7.13,1,2360,330.9957924
4,6,1,4,2.32,0,0,0
4,6,1,5,8.74,2,13931,1593.935927
4,6,1,6,25.54,3,32660,1278.778387
4,6,1,7,7.17,2,4415,615.7601116
4,6,1,8,3.47,0,0,0
4,6,1,9,282.66,22,56172,198.7263851
4,6,2,1,93.52,11,25417,271.7814371
4,6,2,2,7.56,0,0,0
4,6,2,3,5.7,0,0,0
4,6,2,4,3.57,0,0,0
4,6,2,5,11.91,3,41995,3526.028547
4,6,2,6,70.7,3,11924,168.6562942
4,6,2,7,10.96,1,31442,2868.79562
4,6,2,8,9.96,0,0,0
4,6,2,9,468.91,34,209378,446.5206543
4,6,3,1,104.27,8,51392,492.8742687
4,6,3,2,16,1,1363,85.1875
4,6,3,3,9.16,2,4211,459.7161572
4,6,3,4,5.5,0,0,0
4,6,3,5,11.33,1,3759,331.7740512
4,6,3,6,58.02,3,10592,182.5577387
4,6,3,7,19.89,2,8013,402.8657617
4,6,3,8,11.8,1,6140,520.3389831
4,6,3,9,517.45,34,165960,320.7266403
4,6,4,1,103.11,8,23206,225.0606149
4,6,4,2,22.01,0,0,0
4,6,4,3,18.18,1,1955,107.5357536
4,6,4,4,3.26,0,0,0
4,6,4,5,15.31,2,5460,356.6296538
4,6,4,6,56.73,0,0,0
4,6,4,7,19.28,2,8463,438.9522822
4,6,4,8,25.32,1,2735,108.0173776
4,6,4,9,525.48,29,191633,364.6818147
4,6,5,1,129.17,5,14134,109.4216923
4,6,5,2,32.33,4,15546,480.8536963
4,6,5,3,31.2,1,2965,95.03205128
4,6,5,4,4.05,0,0,0
4,6,5,5,29.28,0,0,0
4,6,5,6,70.88,3,36493,514.8560948
4,6,5,7,26.85,5,10031,373.594041
4,6,5,8,37.44,1,6323,168.883547
4,6,5,9,777.52,35,203397,261.5971293
4,6,6,1,269.86,15,75377,279.3189061
4,6,6,2,82.85,3,5504,66.43331322
4,6,6,3,79.68,3,9347,117.3067269
4,6,6,4,6.7,0,0,0
4,6,6,5,64.77,3,13395,206.8087077
4,6,6,6,114.7,4,14816,129.1717524
4,6,6,7,52.7,5,7421,140.8159393
4,6,6,8,84.33,2,10085,119.5897071
4,6,6,9,1566.18,70,289782,185.0247098
4,6,7,1,1647.08,55,309988,188.2045802
4,6,7,2,477.62,23,155510,325.5935681
4,6,7,3,484.42,20,94528,195.1364518
4,6,7,4,35.59,1,31442,883.4504074
4,6,7,5,335.13,16,89775,267.8811208
4,6,7,6,731.98,10,57899,79.09915571
4,6,7,7,314.96,7,19365,61.48399797
4,6,7,8,568.29,24,210966,371.2294779
4,6,7,9,9304.84,356,2121962,228.0492733
4,7,1,1,2.25,0,0,0
4,7,1,2,0.09,0,0,0
4,7,1,3,0.9,0,0,0
4,7,1,5,0.73,0,0,0
4,7,1,6,3.46,0,0,0
4,7,1,7,0.6,0,0,0
4,7,1,9,25.33,2,4465,176.2731938
4,7,2,1,3.7,0,0,0
4,7,2,2,1.21,0,0,0
4,7,2,3,0.1,0,0,0
4,7,2,4,1.76,0,0,0
4,7,2,5,0.5,0,0,0
4,7,2,6,4.13,1,429,103.874092
4,7,2,7,0.2,0,0,0
4,7,2,9,27.7,2,5216,188.3032491
4,7,3,1,3.23,0,0,0
4,7,3,2,1.61,0,0,0
4,7,3,3,0.4,0,0,0
4,7,3,5,0.7,0,0,0
4,7,3,6,5.43,1,1073,197.6058932
4,7,3,9,31.66,3,7305,230.7327858
4,7,4,1,4.29,1,626,145.9207459
4,7,4,2,3.47,0,0,0
4,7,4,3,1.49,0,0,0
4,7,4,4,0.01,0,0,0
4,7,4,5,3.31,0,0,0
4,7,4,6,3.27,0,0,0
4,7,4,7,0.1,0,0,0
4,7,4,8,1.85,0,0,0
4,7,4,9,36.11,3,4855,134.4502908
4,7,5,1,9.89,1,4125,417.0879676
4,7,5,2,1.5,0,0,0
4,7,5,3,0.2,0,0,0
4,7,5,4,1.36,0,0,0
4,7,5,5,1.77,0,0,0
4,7,5,6,2.74,0,0,0
4,7,5,8,1.28,0,0,0
4,7,5,9,46.95,2,2864,61.00106496
4,7,6,1,18.06,0,0,0
4,7,6,2,5.95,0,0,0
4,7,6,3,4.06,1,1140,280.7881773
4,7,6,4,2.81,0,0,0
4,7,6,5,2.7,1,5000,1851.851852
4,7,6,6,8.08,0,0,0
4,7,6,7,2.85,0,0,0
4,7,6,8,1.58,0,0,0
4,7,6,9,100.73,4,14546,144.4058374
4,7,7,1,86.76,1,913,10.52328262
4,7,7,2,36.79,3,6744,183.3106823
4,7,7,3,12.86,0,0,0
4,7,7,4,6.69,0,0,0
4,7,7,5,21.03,0,0,0
4,7,7,6,38.27,0,0,0
4,7,7,7,12.31,0,0,0
4,7,7,8,13.59,0,0,0
4,7,7,9,661.33,15,79549,120.2863926
5,1,1,1,39.38,8,19055,483.8750635
5,1,1,2,33.22,14,70516,2122.69717
5,1,1,3,25.94,6,12853,495.4895914
5,1,1,4,4.97,0,0,0
5,1,1,5,5.83,1,5315,911.6638079
5,1,1,6,10.55,2,14735,1396.682464
5,1,1,7,4.18,2,3699,884.9282297
5,1,1,8,8.91,4,2745,308.0808081
5,1,1,9,643.63,172,802056,1246.144524
5,1,2,1,40.03,7,53251,1330.277292
5,1,2,2,31.2,8,64325,2061.698718
5,1,2,3,40.44,6,51965,1284.990109
5,1,2,4,4.58,1,8390,1831.877729
5,1,2,5,10.55,0,0,0
5,1,2,6,20.21,2,8498,420.4849085
5,1,2,7,8.99,0,0,0
5,1,2,8,7.78,2,31442,4041.388175
5,1,2,9,697.77,122,505940,725.0813305
5,1,3,1,54.57,8,17149,314.2569177
5,1,3,2,36.47,8,46332,1270.414039
5,1,3,3,32.03,6,42364,1322.63503
5,1,3,4,4.03,0,0,0
5,1,3,5,11.06,0,0,0
5,1,3,6,18.96,1,1000,52.74261603
5,1,3,7,8.71,2,8327,956.0275545
5,1,3,8,14.5,5,39056,2693.517241
5,1,3,9,618.16,98,524453,848.4097968
5,1,4,1,61.37,3,67055,1092.634838
5,1,4,2,40.59,5,18027,444.1241685
5,1,4,3,32,0,0,0
5,1,4,4,2.43,0,0,0
5,1,4,5,16.54,1,1725,104.2926239
5,1,4,6,20.67,3,10781,521.577165
5,1,4,7,9.94,1,3530,355.1307847
5,1,4,8,21.16,3,3762,177.7882798
5,1,4,9,617.39,81,449815,728.5751308
5,1,5,1,92.05,11,18385,199.7284085
5,1,5,2,65.64,10,47270,720.1401584
5,1,5,3,58.99,5,40553,687.4555009
5,1,5,4,1.57,0,0,0
5,1,5,5,18.46,2,8860,479.9566631
5,1,5,6,22.92,1,1845,80.4973822
5,1,5,7,11.36,3,36029,3171.566901
5,1,5,8,22.87,1,3801,166.2002624
5,1,5,9,820.04,111,426845,520.5172918
5,1,6,1,183.54,8,30510,166.2307944
5,1,6,2,116.62,15,66600,571.0855771
5,1,6,3,115.02,11,56739,493.2968179
5,1,6,4,4.61,0,0,0
5,1,6,5,42.25,4,6990,165.443787
5,1,6,6,47.19,4,4778,101.2502649
5,1,6,7,23.47,1,2943,125.3941202
5,1,6,8,55.74,8,105275,1888.679584
5,1,6,9,1623.22,154,653118,402.3595076
5,1,7,1,717.63,47,208573,290.6414169
5,1,7,2,401.42,35,150942,376.0201285
5,1,7,3,439.61,30,266009,605.1022497
5,1,7,4,21.22,1,2000,94.25070688
5,1,7,5,145.24,9,53228,366.4830625
5,1,7,6,182.52,9,15099,82.7251808
5,1,7,7,102.4,5,8972,87.6171875
5,1,7,8,186.24,14,31626,169.8131443
5,1,7,9,5539.09,416,2249007,406.0246358
5,2,1,1,43.32,4,13238,305.5863343
5,2,1,2,21.67,5,8608,397.2311952
5,2,1,3,21.83,1,2495,114.2922584
5,2,1,4,6.92,2,5307,766.9075145
5,2,1,5,9.75,1,6866,704.2051282
5,2,1,6,20.25,0,0,0
5,2,1,7,5.5,0,0,0
5,2,1,8,3.68,0,0,0
5,2,1,9,451.09,87,438695,972.5221131
5,2,2,1,53.04,10,68513,1291.723228
5,2,2,2,26.38,4,8435,319.7498105
5,2,2,3,29.54,3,8813,298.3412322
5,2,2,4,6.84,0,0,0
5,2,2,5,11.94,2,3694,309.3802345
5,2,2,6,27.82,2,4249,152.7318476
5,2,2,7,11.17,1,2686,240.4655327
5,2,2,8,7.6,0,0,0
5,2,2,9,576.16,76,302181,524.4741044
5,2,3,1,71.9,8,51707,719.1515994
5,2,3,2,31.96,6,25061,784.1364205
5,2,3,3,28.18,3,34674,1230.447126
5,2,3,4,5.98,0,0,0
5,2,3,5,10.02,2,2855,284.9301397
5,2,3,6,22.94,1,8000,348.7358326
5,2,3,7,13.41,1,435,32.43847875
5,2,3,8,16.4,1,4005,244.2073171
5,2,3,9,612.27,64,228163,372.6509546
5,2,4,1,75.09,3,12022,160.1012119
5,2,4,2,39.02,2,3970,101.7426961
5,2,4,3,26.66,1,1467,55.02625656
5,2,4,4,4.81,0,0,0
5,2,4,5,14.32,0,0,0
5,2,4,6,38.4,1,31442,818.8020833
5,2,4,7,15.27,2,12253,802.4230517
5,2,4,8,19.66,2,7718,392.5737538
5,2,4,9,703.72,91,439898,625.1037344
5,2,5,1,122,2,13341,109.352459
5,2,5,2,49.82,4,38056,763.8699318
5,2,5,3,56.86,0,0,0
5,2,5,4,4.69,0,0,0
5,2,5,5,25.1,1,31442,1252.669323
5,2,5,6,38.73,3,3731,96.33359153
5,2,5,7,18.83,2,11144,591.8215613
5,2,5,8,39.01,3,5673,145.4242502
5,2,5,9,1004.07,87,547051,544.8335275
5,2,6,1,276.21,24,84068,304.3626226
5,2,6,2,121.45,12,40273,331.6014821
5,2,6,3,140.3,11,72080,513.7562366
5,2,6,4,5.76,0,0,0
5,2,6,5,64.51,7,110527,1713.331266
5,2,6,6,71.49,3,4822,67.44999301
5,2,6,7,45.13,1,3571,79.12696654
5,2,6,8,80.96,5,38993,481.6329051
5,2,6,9,2109.22,172,625489,296.5499094
5,2,7,1,1110.45,65,373173,336.0556531
5,2,7,2,484.99,43,139960,288.5832698
5,2,7,3,611.99,34,157871,257.9633654
5,2,7,4,31.88,0,0,0
5,2,7,5,254.68,20,147025,577.2930737
5,2,7,6,313.88,16,102075,325.2038996
5,2,7,7,203.03,5,14472,71.28010639
5,2,7,8,389.67,20,141846,364.0157056
5,2,7,9,8729.83,517,2613039,299.3230109
5,3,1,1,62.53,6,48495,775.5477371
5,3,1,2,22.94,5,22703,989.668701
5,3,1,3,17.73,3,15788,890.4681331
5,3,1,4,6.76,1,992,146.7455621
5,3,1,5,8.97,2,31615,3524.526198
5,3,1,6,25.31,3,2575,101.7384433
5,3,1,7,7.18,3,4422,615.8774373
5,3,1,8,4.46,2,7451,1670.627803
5,3,1,9,440.93,54,251193,569.6890663
5,3,2,1,74.65,12,61398,822.4782317
5,3,2,2,21.61,1,1450,67.09856548
5,3,2,3,27.4,3,5061,184.7080292
5,3,2,4,5.81,2,3671,631.8416523
5,3,2,5,13.19,2,4928,373.616376
5,3,2,6,32.8,5,69277,2112.103659
5,3,2,7,11.21,0,0,0
5,3,2,8,10.8,2,2629,243.4259259
5,3,2,9,598.14,68,264917,442.9013274
5,3,3,1,94.29,13,54694,580.0615124
5,3,3,2,31.55,3,34055,1079.397781
5,3,3,3,29.43,2,1426,48.45395855
5,3,3,4,5.58,0,0,0
5,3,3,5,19.91,3,6534,328.1767956
5,3,3,6,44.03,0,0,0
5,3,3,7,16,2,11808,738
5,3,3,8,11.92,0,0,0
5,3,3,9,649.11,62,329058,506.9371909
5,3,4,1,107.13,11,94918,886.0076543
5,3,4,2,32.28,3,2313,71.65427509
5,3,4,3,33.65,4,12288,365.1708767
5,3,4,4,3.27,0,0,0
5,3,4,5,22.77,3,5911,259.5959596
5,3,4,6,43.27,2,10115,233.7647331
5,3,4,7,12.37,1,3392,274.2118027
5,3,4,8,21.73,0,0,0
5,3,4,9,729.8,63,235765,323.0542614
5,3,5,1,149.79,8,37006,247.0525402
5,3,5,2,58.08,5,37990,654.0977961
5,3,5,3,48.59,6,11364,233.875283
5,3,5,4,6.96,0,0,0
5,3,5,5,34.25,4,35822,1045.89781
5,3,5,6,59.82,4,6347,106.1016382
5,3,5,7,23.38,2,6534,279.4696322
5,3,5,8,44.65,3,4969,111.287794
5,3,5,9,1054.73,69,281281,266.6853128
5,3,6,1,300.28,22,76756,255.6147596
5,3,6,2,124.65,12,92958,745.7521059
5,3,6,3,145.5,5,19178,131.8075601
5,3,6,4,9.91,0,0,0
5,3,6,5,63.07,5,20281,321.5633423
5,3,6,6,101.73,6,43173,424.3880861
5,3,6,7,51.13,7,28491,557.2266771
5,3,6,8,116.28,4,7403,63.66529068
5,3,6,9,2084.66,159,771665,370.1634799
5,3,7,1,1291.25,41,293493,227.2937076
5,3,7,2,520.94,29,138830,266.499021
5,3,7,3,676.38,28,235831,348.6664301
5,3,7,4,35.33,2,5829,164.9872629
5,3,7,5,299.99,23,120261,400.8833628
5,3,7,6,523.39,14,62013,118.4833489
5,3,7,7,265.89,13,36704,138.0420475
5,3,7,8,599.43,29,155051,258.6640642
5,3,7,9,9965.28,486,2560945,256.986758
5,4,1,1,109.23,13,60096,550.1785224
5,4,1,2,31.71,3,36934,1164.742983
5,4,1,3,32.35,2,32365,1000.463679
5,4,1,4,9.88,1,3542,358.5020243
5,4,1,5,19.48,2,1065,54.67145791
5,4,1,6,50.65,5,42686,842.7640671
5,4,1,7,16.11,4,7357,456.672874
5,4,1,8,15.57,1,9579,615.22158
5,4,1,9,770.69,91,524705,680.824975
5,4,2,1,180.1,26,103992,577.4125486
5,4,2,2,35.5,5,65836,1854.535211
5,4,2,3,50.22,2,32896,655.0378335
5,4,2,4,11.9,1,2825,237.394958
5,4,2,5,36.25,6,11558,318.8413793
5,4,2,6,106.18,7,21782,205.1422113
5,4,2,7,22.34,1,7660,342.8827216
5,4,2,8,25.02,3,6659,266.1470823
5,4,2,9,1141.56,115,557417,488.2940888
5,4,3,1,198.57,18,70984,357.4759531
5,4,3,2,59.81,3,14822,247.8180906
5,4,3,3,46.93,2,4836,103.0470914
5,4,3,4,14.15,0,0,0
5,4,3,5,35.34,1,1985,56.16864743
5,4,3,6,106.79,5,40142,375.8966195
5,4,3,7,25.13,3,9201,366.1360923
5,4,3,8,34.61,1,1753,50.65010113
5,4,3,9,1219.62,113,506246,415.0850265
5,4,4,1,230.03,9,53377,232.0436465
5,4,4,2,59.93,4,15865,264.7255131
5,4,4,3,47.93,1,31442,655.9983309
5,4,4,4,12.54,1,800,63.79585327
5,4,4,5,34.38,1,2237,65.06689936
5,4,4,6,107.54,7,50019,465.1199554
5,4,4,7,31.52,5,19379,614.8159898
5,4,4,8,56.83,2,3886,68.37937709
5,4,4,9,1419.58,99,647293,455.9750067
5,4,5,1,317.01,15,80540,254.0613861
5,4,5,2,104.4,5,10570,101.2452107
5,4,5,3,102.93,4,5590,54.30875352
5,4,5,4,10.46,0,0,0
5,4,5,5,50.41,2,4525,89.76393573
5,4,5,6,122.58,5,16623,135.6093979
5,4,5,7,47.24,5,11325,239.7332769
5,4,5,8,92.6,8,43023,464.6112311
5,4,5,9,2014.55,125,644099,319.7235115
5,4,6,1,541.77,32,161900,298.8352991
5,4,6,2,215.82,6,14288,66.20331758
5,4,6,3,246.8,8,58500,237.0340357
5,4,6,4,11.39,0,0,0
5,4,6,5,133.59,13,95129,712.0967138
5,4,6,6,226.28,10,22795,100.7380237
5,4,6,7,107.83,8,25329,234.8975239
5,4,6,8,242.78,15,168380,693.5497158
5,4,6,9,4231.59,250,1304846,308.3583239
5,4,7,1,2946.7,122,613652,208.2505854
5,4,7,2,1117.96,58,255116,228.1977888
5,4,7,3,1396.49,53,337846,241.9251122
5,4,7,4,75.39,1,1962,26.02467171
5,4,7,5,635.91,29,196401,308.850309
5,4,7,6,1291.12,50,333231,258.0945226
5,4,7,7,542.86,23,91399,168.3656928
5,4,7,8,1382.66,52,571579,413.3908553
5,4,7,9,21581.24,920,4847989,224.6390383
5,5,1,1,9.75,0,0,0
5,5,1,2,2.94,0,0,0
5,5,1,3,14.21,3,13529,952.0760028
5,5,1,4,0.76,0,0,0
5,5,1,5,3.42,1,4058,1186.549708
5,5,1,6,5.64,0,0,0
5,5,1,7,2.44,0,0,0
5,5,1,8,2.49,1,31442,12627.30924
5,5,1,9,117.39,17,121307,1033.367408
5,5,2,1,17.77,0,0,0
5,5,2,2,4.89,1,9007,1841.92229
5,5,2,3,4.58,0,0,0
5,5,2,4,0.1,0,0,0
5,5,2,5,6.13,1,4225,689.233279
5,5,2,6,5.16,0,0,0
5,5,2,7,2.39,0,0,0
5,5,2,8,3.41,0,0,0
5,5,2,9,140.2,13,95879,683.8730385
5,5,3,1,20.03,0,0,0
5,5,3,2,6.06,0,0,0
5,5,3,3,3.24,1,779,240.4320988
5,5,3,4,1.16,0,0,0
5,5,3,5,1.52,0,0,0
5,5,3,6,9.01,0,0,0
5,5,3,7,2.63,0,0,0
5,5,3,8,10.94,2,6484,592.6873857
5,5,3,9,188.15,13,75374,400.6058995
5,5,4,1,20.61,3,35174,1706.647259
5,5,4,2,7.09,0,0,0
5,5,4,3,7.6,2,3611,475.1315789
5,5,4,5,3.31,0,0,0
5,5,4,6,13,0,0,0
5,5,4,7,1.37,0,0,0
5,5,4,8,11.07,0,0,0
5,5,4,9,177.36,12,61341,345.8558863
5,5,5,1,28.28,1,716,25.31824611
5,5,5,2,17.99,1,3896,216.5647582
5,5,5,3,21.19,1,1576,74.37470505
5,5,5,5,10.13,0,0,0
5,5,5,6,10.81,0,0,0
5,5,5,7,3.99,0,0,0
5,5,5,8,12.05,0,0,0
5,5,5,9,234,22,107065,457.542735
5,5,6,1,54.72,1,3000,54.8245614
5,5,6,2,21.61,2,4502,208.3294771
5,5,6,3,42.44,2,3695,87.06409048
5,5,6,4,1.65,0,0,0
5,5,6,5,16.46,0,0,0
5,5,6,6,26.23,2,10259,391.1170416
5,5,6,7,13.65,3,5598,410.1098901
5,5,6,8,39.76,4,15915,400.27666
5,5,6,9,568.65,42,186899,328.6714148
5,5,7,1,266.04,17,80318,301.9019696
5,5,7,2,116.75,6,48119,412.1541756
5,5,7,3,171.84,9,26797,155.9415736
5,5,7,4,2.07,0,0,0
5,5,7,5,61.96,4,10580,170.755326
5,5,7,6,114.36,2,39981,349.6065058
5,5,7,7,49.37,2,5391,109.1958679
5,5,7,8,173.28,11,119909,691.995614
5,5,7,9,2387.46,99,559278,234.2564902
5,6,1,1,30.8,4,8714,282.9220779
5,6,1,2,11.97,2,7747,647.2013367
5,6,1,3,3.22,1,31442,9764.596273
5,6,1,4,1.34,0,0,0
5,6,1,5,8.91,2,3112,349.2704826
5,6,1,6,15.68,0,0,0
5,6,1,7,6.17,0,0,0
5,6,1,8,6.94,1,994,143.2276657
5,6,1,9,201.95,15,120724,597.7915326
5,6,2,1,62.69,9,20731,330.6907003
5,6,2,2,8.04,0,0,0
5,6,2,3,10.73,0,0,0
5,6,2,4,1.68,0,0,0
5,6,2,5,15.42,1,3277,212.5162127
5,6,2,6,31.15,2,5291,169.8555377
5,6,2,7,9.18,1,4884,532.0261438
5,6,2,8,10.16,0,0,0
5,6,2,9,316.66,21,119632,377.7932167
5,6,3,1,63.63,2,5400,84.86562942
5,6,3,2,11.93,2,9525,798.4073764
5,6,3,3,12.55,0,0,0
5,6,3,4,2.3,0,0,0
5,6,3,5,10.67,1,31442,2946.766635
5,6,3,6,38.64,2,1953,50.54347826
5,6,3,7,13.39,3,9508,710.0821509
5,6,3,8,12.02,1,4581,381.1148087
5,6,3,9,359.57,26,139072,386.7730901
5,6,4,1,69.43,11,62295,897.2346248
5,6,4,2,13.47,1,2575,191.1655531
5,6,4,3,14.11,2,32158,2279.092842
5,6,4,4,1.05,0,0,0
5,6,4,5,7.5,1,31442,4192.266667
5,6,4,6,36.19,0,0,0
5,6,4,7,8.58,1,1135,132.2843823
5,6,4,8,22.65,1,3590,158.4988962
5,6,4,9,393,24,116662,296.8498728
5,6,5,1,87.44,5,17072,195.242452
5,6,5,2,23.03,2,2283,99.13156752
5,6,5,3,23.02,0,0,0
5,6,5,4,1.58,0,0,0
5,6,5,5,10.55,2,32423,3073.270142
5,6,5,6,32.49,5,68672,2113.634965
5,6,5,7,10.74,0,0,0
5,6,5,8,32.78,0,0,0
5,6,5,9,533.49,36,186668,349.899717
5,6,6,1,157.06,5,16138,102.7505412
5,6,6,2,49.35,3,64610,1309.219858
5,6,6,3,67.45,2,2977,44.13639733
5,6,6,4,1.15,0,0,0
5,6,6,5,39.6,1,1802,45.50505051
5,6,6,6,75.36,2,11385,151.0748408
5,6,6,7,25.64,1,1968,76.7550702
5,6,6,8,102.98,7,46010,446.7857836
5,6,6,9,1203.01,65,389080,323.4220829
5,6,7,1,889.43,34,261859,294.4121516
5,6,7,2,313.49,18,137743,439.3856263
5,6,7,3,415.78,11,79125,190.304969
5,6,7,4,19.5,1,874,44.82051282
5,6,7,5,178.83,10,21659,121.1150254
5,6,7,6,389.82,17,64534,165.5482017
5,6,7,7,147.94,7,24026,162.4036772
5,6,7,8,579.49,29,130489,225.1790367
5,6,7,9,6392.6,317,1517683,237.4124769
5,7,1,1,0.9,0,0,0
5,7,1,2,0.04,0,0,0
5,7,1,5,0.7,0,0,0
5,7,1,9,14.77,2,8628,584.1570752
5,7,2,1,2.25,0,0,0
5,7,2,2,0.72,0,0,0
5,7,2,3,0.46,0,0,0
5,7,2,5,0.3,0,0,0
5,7,2,6,1.32,0,0,0
5,7,2,7,0.46,0,0,0
5,7,2,9,27.54,1,1314,47.7124183
5,7,3,1,4.71,0,0,0
5,7,3,2,1.88,0,0,0
5,7,3,3,0.08,0,0,0
5,7,3,5,0.04,0,0,0
5,7,3,6,1.88,0,0,0
5,7,3,7,0.58,0,0,0
5,7,3,9,23.65,2,6600,279.0697674
5,7,4,1,3.74,0,0,0
5,7,4,2,1.2,0,0,0
5,7,4,4,0.7,0,0,0
5,7,4,6,0.96,1,1231,1282.291667
5,7,4,7,0.03,0,0,0
5,7,4,9,24.61,0,0,0
5,7,5,1,5.98,2,6102,1020.401338
5,7,5,2,0.8,0,0,0
5,7,5,3,1.1,0,0,0
5,7,5,4,0.34,0,0,0
5,7,5,5,0.7,0,0,0
5,7,5,6,2.48,0,0,0
5,7,5,7,0.6,1,2935,4891.666667
5,7,5,8,1.14,0,0,0
5,7,5,9,38.77,1,1150,29.66210988
5,7,6,1,8.47,0,0,0
5,7,6,2,2.49,0,0,0
5,7,6,3,2.89,0,0,0
5,7,6,4,0.13,0,0,0
5,7,6,5,1.36,0,0,0
5,7,6,6,4.15,0,0,0
5,7,6,7,2.23,0,0,0
5,7,6,8,1.96,0,0,0
5,7,6,9,69.7,2,32275,463.0559541
5,7,7,1,51.24,1,31442,613.6221702
5,7,7,2,21.74,2,31942,1469.273229
5,7,7,3,9.91,0,0,0
5,7,7,4,2.35,0,0,0
5,7,7,5,8.74,0,0,0
5,7,7,6,16.61,0,0,0
5,7,7,7,2.83,1,966,341.3427562
5,7,7,8,13.06,0,0,0
5,7,7,9,384.87,16,112252,291.6621197
